uid,key,entry_type,reference_kind,reference_family,is_paper,is_web_resource,doi_search_eligible,classification_reason,title,authors,year,source,publisher,url,url_host,url_status,url_http_status,url_final,local_doi,discovered_doi,trusted_doi,doi_status,doi_source,doi_confidence,doi_title_similarity,doi_year_difference,doi_author_match,doi_source_similarity,doi_remote_type,doi_type_compatible,publisher_landing_page,doi_resolution_status,missing_required_fields
1:zang2025levelized,zang2025levelized,article,journal_article,scholarly,True,False,True,@article,Levelized cost quantification of energy flexibility in high-density cities and evaluation of demand-side technologies for providing grid services,"Zang, Xingyu and Li, Hangxin and Wang, Shengwei",2025,Renewable and Sustainable Energy Reviews,Elsevier,,,not_checked,,,,10.1016/j.rser.2024.115290,10.1016/j.rser.2024.115290,found_high_confidence,Crossref search,1.0,1.0,0,True,1.0,journal-article,True,https://linkinghub.elsevier.com/retrieve/pii/S1364032124010165,resolved,
2:lee2015integrated,lee2015integrated,article,journal_article,scholarly,True,False,True,@article,Integrated control of dynamic facades and distributed energy resources for energy cost minimization in commercial buildings,"Lee, Eleanor S and Gehbauer, Christoph and Coffey, Brian E and McNeil, Andrew and Stadler, Michael and Marnay, Chris",2015,Solar Energy,Elsevier,,,not_checked,,,,10.1016/j.solener.2015.11.003,10.1016/j.solener.2015.11.003,found_high_confidence,Crossref search,1.0,1.0,0,True,1.0,journal-article,True,https://linkinghub.elsevier.com/retrieve/pii/S0038092X15006052,resolved,
3:jaane2024two,jaane2024two,article,journal_article,scholarly,True,False,True,@article,Two decades of progressive cost reduction: A paradigm shift for distributed solar photovoltaics and energy efficiency,"Jaane, Mamahloko Senatla and Bansal, Ramesh C and Naidoo, Raj M and Mbungu, Nsilulu T and Mudau, Unarine Bridget and Yusuf, Teslim and Kgaswane, Keorapetse and Moodley, Prathaban",2024,Energy,Elsevier,,,not_checked,,,,10.1016/j.energy.2024.133570,,candidate_manual_review,Crossref search,0.89,1.0,0,False,1.0,journal-article,True,,,
4:bianchini2016demand,bianchini2016demand,article,journal_article,scholarly,True,False,True,@article,Demand-response in building heating systems: A Model Predictive Control approach,"Bianchini, Gianni and Casini, Marco and Vicino, Antonio and Zarrilli, Donato",2016,Applied Energy,Elsevier,,,not_checked,,,,10.1016/j.apenergy.2016.01.088,10.1016/j.apenergy.2016.01.088,found_high_confidence,Crossref search,1.0,1.0,0,True,1.0,journal-article,True,https://linkinghub.elsevier.com/retrieve/pii/S0306261916300757,resolved,
5:du2024two,du2024two,article,journal_article,scholarly,True,False,True,@article,Two-stage multi-objective distributionally robust optimization of the electricity-hydrogen coupling system under multiple markets,"Du, Yida and Li, Xiangguang and Liang, Yan and Tan, Zhongfu",2024,Energy,Elsevier,,,not_checked,,,,10.1016/j.energy.2024.131960,10.1016/j.energy.2024.131960,found_high_confidence,Crossref search,1.0,1.0,0,True,1.0,journal-article,True,https://linkinghub.elsevier.com/retrieve/pii/S036054422401733X,resolved,
6:cheng2026robust,cheng2026robust,article,journal_article,scholarly,True,False,True,@article,Robust multi-time-scale scheduling of microgrids with renewable energy interpretation and bidirectionally controlled electric vehicles using adaptive Harris hawks optimization,"Cheng, Zhuoting and Ji, Rendong and Tao, Hai and Abdalla, Ahmed N and Tang, Xiu and Li, Shifeng",2026,Unconventional Resources,Elsevier,,,not_checked,,,,10.1016/j.uncres.2026.100305,10.1016/j.uncres.2026.100305,found_high_confidence,Crossref search,1.0,1.0,0,True,1.0,journal-article,True,https://linkinghub.elsevier.com/retrieve/pii/S2666519026000026,resolved,
7:vivas2025novel,vivas2025novel,article,journal_article,scholarly,True,False,True,@article,A novel energy management system based on two-level hierarchical economic model predictive control for use in microgrid control,"Vivas, FJ and Pajares, A and Blasco, X and Herrero, JM and Segura, F and Andujar, JM",2025,Energy Conversion and Management: X,Elsevier,,,not_checked,,,,10.1016/j.ecmx.2025.101027,10.1016/j.ecmx.2025.101027,found_high_confidence,Crossref search,1.0,1.0,0,True,1.0,journal-article,True,https://linkinghub.elsevier.com/retrieve/pii/S259017452500159X,resolved,
8:zhang2022model,zhang2022model,article,journal_article,scholarly,True,False,True,@article,Model predictive control for demand flexibility: Real-world operation of a commercial building with photovoltaic and battery systems,"Zhang, Kun and Prakash, Anand and Paul, Lazlo and Blum, David and Alstone, Peter and Zoellick, James and Brown, Richard and Pritoni, Marco",2022,Advances in Applied Energy,Elsevier,,,not_checked,,,,10.1016/j.adapen.2022.100099,10.1016/j.adapen.2022.100099,found_high_confidence,Crossref search,1.0,1.0,0,True,1.0,journal-article,True,https://linkinghub.elsevier.com/retrieve/pii/S2666792422000178,resolved,
9:amadeh2022quantifying,amadeh2022quantifying,article,journal_article,scholarly,True,False,True,@article,Quantifying demand flexibility of building energy systems under uncertainty,"Amadeh, Ali and Lee, Zachary E and Zhang, K Max",2022,Energy,Elsevier,,,not_checked,,,,10.1016/j.energy.2022.123291,10.1016/j.energy.2022.123291,found_high_confidence,Crossref search,1.0,1.0,0,True,1.0,journal-article,True,https://linkinghub.elsevier.com/retrieve/pii/S0360544222001943,resolved,
10:lin2023optimal,lin2023optimal,article,journal_article,scholarly,True,False,True,@article,Optimal scheduling of power systems with high proportions of renewable energy accounting for operational flexibility,"Lin, Yi and Lin, Wei and Wu, Wei and Zhu, Zhenshan",2023,Energies,MDPI,,,not_checked,,,,10.3390/en16145537,10.3390/en16145537,found_high_confidence,Crossref search,1.0,1.0,0,True,1.0,journal-article,True,https://www.mdpi.com/1996-1073/16/14/5537,resolved,
11:consiglio2026science,consiglio2026science,article,journal_article,scholarly,True,False,True,@article,Science-based actions to support decision-making in the building sector towards carbon-neutral cities,"Consiglio, Erminia and Ferraris, Luca and Noe, Gaetano and Iacono, Melchiorina Mirella and Ferrara, Maria",2026,Renewable and Sustainable Energy Reviews,Elsevier,,,not_checked,,,,10.1016/j.rser.2025.116454,10.1016/j.rser.2025.116454,found_high_confidence,Crossref search,1.0,1.0,0,True,1.0,journal-article,True,https://linkinghub.elsevier.com/retrieve/pii/S136403212501127X,resolved,
12:PJM_FERC_MinOffer_100kW,PJM_FERC_MinOffer_100kW,techreport,technical_report,grey_literature,False,False,False,@techreport,Submission to the Federal Energy Regulatory Commission on Market Participation Thresholds,"PJM Interconnection, L.L.C.",2020,Federal Energy Regulatory Commission,,https://www.ferc.gov/sites/default/files/2020-05/E-2_122.pdf,ferc.gov,reachable,200,https://www.ferc.gov/sites/default/files/2020-05/E-2_122.pdf,,,,not_applicable,,0.0,0.0,,False,0.0,,False,,,
13:munankarmi2021community,munankarmi2021community,article,journal_article,scholarly,True,False,True,@article,Community-scale interaction of energy efficiency and demand flexibility in residential buildings,"Munankarmi, Prateek and Maguire, Jeff and Balamurugan, Sivasathya Pradha and Blonsky, Michael and Roberts, David and Jin, Xin",2021,Applied Energy,Elsevier,,,not_checked,,,,10.1016/j.apenergy.2021.117149,10.1016/j.apenergy.2021.117149,found_high_confidence,Crossref search,1.0,1.0,0,True,1.0,journal-article,True,https://linkinghub.elsevier.com/retrieve/pii/S0306261921005754,resolved,
14:battaglia2024optimizing,battaglia2024optimizing,article,journal_article,scholarly,True,False,True,@article,Optimizing renewable energy integration in new districts: Power-to-X strategies for improved efficiency and sustainability,"Battaglia, V and Vanoli, L",2024,Energy,Elsevier,,,not_checked,,,,10.1016/j.energy.2024.132312,10.1016/j.energy.2024.132312,found_high_confidence,Crossref search,1.0,1.0,0,True,1.0,journal-article,True,https://linkinghub.elsevier.com/retrieve/pii/S0360544224020863,resolved,
15:mariuzzo2026self,mariuzzo2026self,article,journal_article,scholarly,True,False,True,@article,From self-consumption to energy markets: Pathways to unlock energy community flexibility potentials in the Austrian framework,"Mariuzzo, Ivan and Fina, Bernadette and Monsberger, Carolin and Esterl, Tara",2026,Energy Strategy Reviews,Elsevier,,,not_checked,,,,10.1016/j.esr.2026.102125,10.1016/j.esr.2026.102125,found_high_confidence,Crossref search,1.0,1.0,0,True,1.0,journal-article,True,https://linkinghub.elsevier.com/retrieve/pii/S2211467X2600091X,resolved,
16:jo2026local,jo2026local,article,journal_article,scholarly,True,False,True,@article,Local flexibility markets in the energy transition: A comparative review and framework for future development,"Jo, Byuk-Keun",2026,Renewable and Sustainable Energy Reviews,Elsevier,,,not_checked,,,,10.1016/j.rser.2025.116614,10.1016/j.rser.2025.116614,found_high_confidence,Crossref search,1.0,1.0,0,True,1.0,journal-article,True,https://linkinghub.elsevier.com/retrieve/pii/S1364032125012870,resolved,
17:deakin2020flexibility,deakin2020flexibility,inproceedings,conference_paper,scholarly,True,False,True,@inproceedings,Flexibility from multi-vector systems: beyond low-voltage network modelling,"Deakin, Matthew and Walker, Sara and Taylor, Phil C",2020,CIRED 2020 Berlin Workshop (CIRED 2020),,,,not_checked,,,,10.1049/oap-cired.2021.0299,,candidate_manual_review,Crossref search,0.9316,1.0,0,True,0.3784,journal-article,False,,,
18:linde2021dynamic,linde2021dynamic,article,journal_article,scholarly,True,False,True,@article,Dynamic capabilities for ecosystem orchestration A capability-based framework for smart city innovation initiatives,"Linde, Lina and Sjodin, David and Parida, Vinit and Wincent, Joakim",2021,Technological Forecasting and Social Change,Elsevier,,,not_checked,,,,10.1016/j.techfore.2021.120614,10.1016/j.techfore.2021.120614,found_high_confidence,Crossref search,1.0,1.0,0,True,1.0,journal-article,True,https://linkinghub.elsevier.com/retrieve/pii/S0040162521000469,resolved,
19:wang2024smart,wang2024smart,article,journal_article,scholarly,True,False,True,@article,Smart city landscape architecture for sustainable urbanization in digital twin: Practical sustainable and reliable renewable based smart cities energy hub development,"Wang, Xuefei and Ma, Dawei",2024,Sustainable Energy Technologies and Assessments,Elsevier,,,not_checked,,,,10.1016/j.seta.2024.103785,10.1016/j.seta.2024.103785,found_high_confidence,Crossref search,1.0,1.0,0,True,1.0,journal-article,True,https://linkinghub.elsevier.com/retrieve/pii/S2213138824001814,resolved,
20:heinrich2020ecogrid,heinrich2020ecogrid,article,journal_article,scholarly,True,False,True,@article,EcoGrid 2.0: A large-scale field trial of a local flexibility market,"Heinrich, Carsten and Ziras, Charalampos and Syrri, Angeliki LA and Bindner, Henrik W",2020,Applied Energy,Elsevier,,,not_checked,,,,10.1016/j.apenergy.2019.114399,10.1016/j.apenergy.2019.114399,found_high_confidence,Crossref search,1.0,1.0,0,True,1.0,journal-article,True,https://linkinghub.elsevier.com/retrieve/pii/S0306261919320860,resolved,
21:gantenbein2012ecogrid,gantenbein2012ecogrid,inproceedings,conference_paper,scholarly,True,False,True,@inproceedings,EcoGrid EU: An efficient ICT approach for a sustainable power system,"Gantenbein, Dieter and Binding, Carl and Jansen, Bernhard and Mishra, Aditya and Sundstrom, Olle",2012,2012 Sustainable Internet and ICT for Sustainability (SustainIT),,,,not_checked,,,,10.1109/isgteurope.2012.6465643,,candidate_manual_review,Crossref search,0.3054,0.2842,0,False,0.2406,proceedings-article,True,,,
22:EcoGrid2019Final,EcoGrid2019Final,techreport,technical_report,grey_literature,False,False,False,@techreport,EcoGrid 2.0 Final Report: A Large-Scale Field Trial of a Local Flexibility Market,Dansk Energi,2019,Dansk Energi,,https://elnet.dk/files/media/document/EcoGrid%202.0%20final%20report.pdf,elnet.dk,reachable,200,https://elnet.dk/files/media/document/EcoGrid%202.0%20final%20report.pdf,,,,not_applicable,,0.0,0.0,,False,0.0,,False,,,
23:Mourik2014Task24,Mourik2014Task24,techreport,technical_report,grey_literature,False,False,False,@techreport,Showcasing the PowerMatching City project on user engagement,"Mourik, Ruth M.",2014,IEA Demand Side Management Energy Technology Initiative,,https://userstcp.org/wp-content/uploads/2019/12/10.Task24_Phase1_Subtask-2-Netherlands_Power-to-the-People1.pdf,userstcp.org,reachable,200,https://userstcp.org/wp-content/uploads/2019/12/10.Task24_Phase1_Subtask-2-Netherlands_Power-to-the-People1.pdf,,,,not_applicable,,0.0,0.0,,False,0.0,,False,,,
24:bliek2010powermatching,bliek2010powermatching,inproceedings,conference_paper,scholarly,True,False,True,@inproceedings,"PowerMatching City, a living lab smart grid demonstration","Bliek, Frits and van den Noort, Albert and Roossien, Bart and Kamphuis, Rene and de Wit, Johan and van der Velde, Jorgen and Eijgelaar, Marcel",2010,2010 IEEE PES Innovative Smart Grid Technologies Conference Europe (ISGT Europe),,,,not_checked,,,,10.1109/isgteurope.2010.5638863,10.1109/isgteurope.2010.5638863,found_high_confidence,Crossref search,1.0,1.0,0,True,1.0,proceedings-article,True,https://ieeexplore.ieee.org/document/5638863/,resolved,
25:obinna2017comparison,obinna2017comparison,article,journal_article,scholarly,True,False,True,@article,"Comparison of two residential Smart Grid pilots in the Netherlands and in the USA, focusing on energy performance and user experiences","Obinna, Uchechi and Joore, Peter and Wauben, Linda and Reinders, Angele",2017,Applied energy,Elsevier,,,not_checked,,,,10.1016/j.apenergy.2017.01.086,10.1016/j.apenergy.2017.01.086,found_high_confidence,Crossref search,1.0,1.0,0,True,1.0,journal-article,True,https://linkinghub.elsevier.com/retrieve/pii/S030626191730096X,resolved,
26:couraud2023responsive,couraud2023responsive,article,journal_article,scholarly,True,False,True,@article,Responsive FLEXibility: A smart local energy system,"Couraud, Benoit and Andoni, Merlinda and Robu, Valentin and Norbu, Sonam and Chen, Si and Flynn, David",2023,Renewable and Sustainable Energy Reviews,Elsevier,,,not_checked,,,,10.1016/j.rser.2023.113343,10.1016/j.rser.2023.113343,found_high_confidence,Crossref search,1.0,1.0,0,True,1.0,journal-article,True,https://linkinghub.elsevier.com/retrieve/pii/S1364032123002009,resolved,
27:Bray2020FutureProspects,Bray2020FutureProspects,techreport,technical_report,grey_literature,False,False,False,@techreport,Future Prospects for Local Energy Markets: Lessons from Cornwall,"Bray, Rachel and Woodman, Bridget and Judson, Emily",2020,"University of Exeter, Energy Policy Group",,https://pure.strath.ac.uk/ws/portalfiles/portal/158139808/Bray_etal_EPG_2020_Future_Prospects_for_Local_Energy_Markets_Lessons_from_Cornwall.pdf,pure.strath.ac.uk,reachable,200,https://pure.strath.ac.uk/ws/portalfiles/portal/158139808/Bray_etal_EPG_2020_Future_Prospects_for_Local_Energy_Markets_Lessons_from_Cornwall.pdf,,,,not_applicable,,0.0,0.0,,False,0.0,,False,,,
28:Nicholls2021,Nicholls2021,misc,dataset,data,False,False,False,@misc metadata indicates dataset,"Cornwall LEM Residential Electricity Dataset with Solar Production and Battery Storage, 2018-2020","Nicholls, Dan and Kane, David",2021,,,https://doi.org/10.5255/UKDA-SN-854578,doi.org,timeout,,,10.5255/ukda-sn-854578,,10.5255/ukda-sn-854578,verified_existing,DataCite,1.0,1.0,0,True,0.0,Dataset,True,,timeout,
29:Centrica2020,Centrica2020,techreport,technical_report,grey_literature,False,False,False,@techreport,The Future of Flexibility: Centrica Cornwall LEM Report,Centrica,2020,Centrica,,https://www.centrica.com/media/ueujub5s/the-future-of-flexibility-centrica-cornwall-lem-report.pdf,centrica.com,reachable,200,https://www.centrica.com/media/ueujub5s/the-future-of-flexibility-centrica-cornwall-lem-report.pdf,,,,not_applicable,,0.0,0.0,,False,0.0,,False,,,
30:gross2020local,gross2020local,inproceedings,conference_paper,scholarly,True,False,True,@inproceedings,Local use of flexibilities on DSO level--outcomes of the InterFlex project,"Gross, Thorsten and Willems, Marcel and Wagner, Thibaut and Dumbs, Christian",2020,CIRED 2020 Berlin Workshop (CIRED 2020),,,,not_checked,,,,10.1049/oap-cired.2021.0237,,candidate_manual_review,Crossref search,0.9316,1.0,0,True,0.3784,journal-article,False,,,
31:gross2018novel,gross2018novel,inproceedings,conference_paper,scholarly,True,False,True,@inproceedings,A novel approach to DG curtailment in rural distribution networks--a case study of the Avacon grid as part of the InterFlex field trial,"Gross, Thorsten and Reese, Sven and Petters, Benjamin and Cupelli, Marco and Mildt, Dominik and Monti, Antonello",2018,2018 IEEE 16th International Conference on Industrial Informatics (INDIN),,,,not_checked,,,,10.1109/indin.2018.8472095,10.1109/indin.2018.8472095,found_high_confidence,Crossref search,1.0,1.0,0,True,1.0,proceedings-article,True,https://ieeexplore.ieee.org/document/8472095/,resolved,
32:utrilla2020large,utrilla2020large,inproceedings,conference_paper,scholarly,True,False,True,@inproceedings,Large-scale demonstration of TSO--DSO coordination: the CoordiNet Spanish approach,"Utrilla, F David Mart\' n and Davi-Arderius, Daniel and Mart\' nez, Alberto Gil and Chaves-Avila, Jose Pablo and Arriola, Ines Gomez",2020,Cired 2020 berlin workshop (cired 2020),,,,not_checked,,,,10.1049/oap-cired.2021.0209,,candidate_manual_review,Crossref search,0.9316,1.0,0,True,0.3784,journal-article,False,,,
33:Coordinet2022SwedishDemo,Coordinet2022SwedishDemo,techreport,technical_report,grey_literature,False,False,False,@techreport,D4.7.2 – Final Report of the Swedish Demonstration: Ten key abilities for DSO's to unlock flexibility,Nicholas Etherden and Yvonne Ruwaida and Karin Hansson,2022,Svenska kraftnät (SVK),,https://www.svk.se/siteassets/2.utveckling-av-kraftsystemet/forskning-och-utveckling/coordinet/coordinet_wp4_d4.7.2_final-report.pdf,svk.se,reachable,200,https://www.svk.se/siteassets/2.utveckling-av-kraftsystemet/forskning-och-utveckling/coordinet/coordinet_wp4_d4.7.2_final-report.pdf,,,,not_applicable,,0.0,0.0,,False,0.0,,False,,,
34:FlexigridFinalReport2023,FlexigridFinalReport2023,techreport,web_resource,web,False,True,False,report-like entry explicitly describes an HTML factsheet/reporting page,Periodic Reporting for period 3 - FLEXIGRID (ENABLING FLEXIBILITY FOR FUTURE DISTRIBUTION GRID),European Commission,2023,Community Research and Development Information Service (CORDIS),,https://cordis.europa.eu/project/id/864048/reporting,cordis.europa.eu,reachable,200,https://cordis.europa.eu/project/id/864048/reporting,,,,not_applicable,,0.0,0.0,,False,0.0,,False,,,
35:FlexigridD83,FlexigridD83,techreport,technical_report,grey_literature,False,False,False,@techreport,D8.3: Demonstration Progress Report,FLEXIGRID Consortium,2022,FLEXIGRID Project (Horizon 2020),,https://flexigrid.org/wp-content/uploads/2022/03/D-8.3-Demonstration-progress-report.pdf,flexigrid.org,reachable,200,https://flexigrid.org/wp-content/uploads/2022/03/D-8.3-Demonstration-progress-report.pdf,,,,not_applicable,,0.0,0.0,,False,0.0,,False,,,
36:mankins1995technology,mankins1995technology,misc,other_document,other,False,False,False,@misc without stronger classification,Technology readiness levels,"Mankins, John C and others",1995,"Nasa Washington, DC, USA","Nasa Washington, DC, USA",,,not_checked,,,,,,not_applicable,,0.0,0.0,,False,0.0,,False,,,
37:OneNetReporting2024,OneNetReporting2024,techreport,web_resource,web,False,True,False,report-like entry explicitly describes an HTML factsheet/reporting page,Periodic Reporting for period 2 - OneNet (One Network for Europe),OneNet Consortium,2024,Community Research and Development Information Service (CORDIS),,https://cordis.europa.eu/project/id/957739/reporting,cordis.europa.eu,reachable,200,https://cordis.europa.eu/project/id/957739/reporting,,,,not_applicable,,0.0,0.0,,False,0.0,,False,,,
38:OneNetD3FLEXUM,OneNetD3FLEXUM,techreport,technical_report,grey_literature,False,False,False,@techreport,"Project FLEXUM - D3: Demo Evaluation, Dissemination and Exploitation Plan",Rafael Marin Perez and Jesus Sanchez and Alfredo Quesada and Antonio Skarmeta and Adelaida Parre\ no and Alfonso Ramallo-Gonzalez and Juan Sanchez,2023,OneNet (One Network for Europe),,https://onenet-project.eu/wp-content/uploads/2023/05/D3-Demo-evaluation-dissemination-and-exploitation-plan.pdf,onenet-project.eu,reachable,200,https://onenet-project.eu/wp-content/uploads/2023/05/D3-Demo-evaluation-dissemination-and-exploitation-plan.pdf,,,,not_applicable,,0.0,0.0,,False,0.0,,False,,,
39:INTERRFACE_Factsheet,INTERRFACE_Factsheet,techreport,web_resource,web,False,True,False,report-like entry explicitly describes an HTML factsheet/reporting page,INTERRFACE: TSO-DSO-Consumer INTERFACE aRchitecture to provide innovative grid services for an efficient power system,European Commission,2022,Community Research and Development Information Service (CORDIS),,https://cordis.europa.eu/project/id/824330,cordis.europa.eu,reachable,200,https://cordis.europa.eu/project/id/824330,,,,not_applicable,,0.0,0.0,,False,0.0,,False,,,
40:InterrfaceD55_2022,InterrfaceD55_2022,techreport,technical_report,grey_literature,False,False,False,@techreport,D5.5: Single Flexibility Platform: Demonstration Description and results,Kalle Kukk and Jukka Rinta-Luoma and Teemu Vare and Antti Mutanen and Ivars Zikmanis and Taisto Treumann and Marko Petron and Konstantinos Kotsalos and Nikos Bilidis and Veiko Aunapuu and Maarja-Liisa Joosep and Greete Korjus,2022,INTERRFACE Project (Horizon 2020),,https://www.fingrid.fi/contentassets/99d3e79bf5a542839102e15e95fed106/interrface-hankkeen-pilotoinnin-loppuraportti.pdf,fingrid.fi,reachable,200,https://www.fingrid.fi/contentassets/99d3e79bf5a542839102e15e95fed106/interrface-hankkeen-pilotoinnin-loppuraportti.pdf,,,,not_applicable,,0.0,0.0,,False,0.0,,False,,,
41:InterrfaceD56_2022,InterrfaceD56_2022,techreport,technical_report,grey_literature,False,False,False,@techreport,D5.6: Evaluation and assessment of the pilots,Kalle Kukk and Jukka Rinta-Luoma and Teemu Vare and Antti Mutanen and Ivars Zikmanis and Taisto Treumann and Marko Petron and Veiko Aunapuu and Maarja-Liisa Joosep and Greete Korjus and Georgios Giannopoulos and Konstantinos Kotsalos,2022,INTERRFACE Project (Horizon 2020),,https://elering.ee/sites/default/files/public/tarkvork-konv/tarkv%C3%B5rk/Interrface/INTERRFACE_D5.6_FINAL_PUBLIC.pdf,elering.ee,reachable,200,https://elering.ee/sites/default/files/public/tarkvork-konv/tarkv%C3%B5rk/Interrface/INTERRFACE_D5.6_FINAL_PUBLIC.pdf,,,,not_applicable,,0.0,0.0,,False,0.0,,False,,,
42:horak2025urban,horak2025urban,article,journal_article,scholarly,True,False,True,@article,"Urban energy system modeling as strategic tool for integrated spatial and energy planning: A multi-node, multi-stage optimization approach","Horak, Daniel and Hainoun, Ali and Stoeglehner, Gernot",2025,Energy Strategy Reviews,Elsevier,,,not_checked,,,,10.1016/j.esr.2025.101904,10.1016/j.esr.2025.101904,found_high_confidence,Crossref search,1.0,1.0,0,True,1.0,journal-article,True,https://linkinghub.elsevier.com/retrieve/pii/S2211467X25002676,resolved,
43:mirhoseini2026coordinated,mirhoseini2026coordinated,article,journal_article,scholarly,True,False,True,@article,"A coordinated framework for integrating technologies, challenges, and management strategies of distributed energy resources in microgrids","Mirhoseini, Seyed Peiman and Nazari, Mohammad Hassan and Fallahi, Farhad",2026,Renewable and Sustainable Energy Reviews,Elsevier,,,not_checked,,,,10.1016/j.rser.2026.116790,10.1016/j.rser.2026.116790,found_high_confidence,Crossref search,1.0,1.0,0,True,1.0,journal-article,True,https://linkinghub.elsevier.com/retrieve/pii/S1364032126000894,resolved,
44:adham2025distributed,adham2025distributed,article,journal_article,scholarly,True,False,True,@article,Distributed energy resources: A systematic literature review,"Adham, Midrar and Keene, Sean and Bass, Robert B",2025,Energy Reports,Elsevier,,,not_checked,,,,10.1016/j.egyr.2025.01.026,10.1016/j.egyr.2025.01.026,found_high_confidence,Crossref search,1.0,1.0,0,True,1.0,journal-article,True,https://linkinghub.elsevier.com/retrieve/pii/S2352484725000265,resolved,
45:jacquier2026future,jacquier2026future,article,journal_article,scholarly,True,False,True,@article,Future energy scenarios with renewables and flexibilities in distribution grids--National case study in France,"Jacquier, Corentin and Rigo-Mariani, Remy and Debusschere, Vincent and Louis, Jean-Nicolas and Mima, Silvana",2026,Energy Reports,Elsevier,,,not_checked,,,,10.1016/j.egyr.2026.109108,10.1016/j.egyr.2026.109108,found_high_confidence,Crossref search,1.0,1.0,0,True,1.0,journal-article,True,https://linkinghub.elsevier.com/retrieve/pii/S2352484726000776,resolved,
46:farid2026digital,farid2026digital,article,journal_article,scholarly,True,False,True,@article,Digital Twin Assisted Real-Time Energy Management System For Smart Homes,"Farid, Hamzeh Aghdam and Rasti, Mehdi and Pongracz, Eva and Anvari-Moghaddam, Amjad",2026,Energy and Buildings,Elsevier,,,not_checked,,,,10.1016/j.enbuild.2026.116978,,candidate_manual_review,Crossref search,0.89,1.0,0,False,1.0,journal-article,True,,,
47:zhang2026demand,zhang2026demand,article,journal_article,scholarly,True,False,True,@article,Demand-side management for smart homes with battery energy storage systems and electric vehicles integration under day-ahead pricing,"Zhang, Chi and Yi, Xiaoxi and Liao, Qiuguang",2026,Journal of Energy Storage,Elsevier,,,not_checked,,,,10.1016/j.est.2026.121782,10.1016/j.est.2026.121782,found_high_confidence,Crossref search,1.0,1.0,0,True,1.0,journal-article,True,https://linkinghub.elsevier.com/retrieve/pii/S2352152X26014465,resolved,
48:liu2026demand,liu2026demand,article,journal_article,scholarly,True,False,True,@article,Demand response optimization incorporating thermal comfort in single-family houses with on-site generation: a systematic review,"Liu, Pengju and Chokwitthaya, Chanachok and Olofsson, Thomas and Lu, Weizhuo",2026,Applied Energy,Elsevier,,,not_checked,,,,10.1016/j.apenergy.2025.127305,10.1016/j.apenergy.2025.127305,found_high_confidence,Crossref search,1.0,1.0,0,True,1.0,journal-article,True,https://linkinghub.elsevier.com/retrieve/pii/S0306261925020355,resolved,
49:MAHMOOD2024100790,MAHMOOD2024100790,article,journal_article,scholarly,True,False,True,@article,"Impacts of digitalization on smart grids, renewable energy, and demand response: An updated review of current applications",Mou Mahmood and Prangon Chowdhury and Rahbaar Yeassin and Mahmudul Hasan and Tanvir Ahmad and Nahid-Ur-Rahman Chowdhury,2024,Energy Conversion and Management: X,,https://www.sciencedirect.com/science/article/pii/S259017452400268X,sciencedirect.com,not_checked,,,10.1016/j.ecmx.2024.100790,,10.1016/j.ecmx.2024.100790,verified_existing,Crossref,1.0,1.0,0,True,1.0,journal-article,True,https://linkinghub.elsevier.com/retrieve/pii/S259017452400268X,resolved,
50:kheiri2026hierarchical,kheiri2026hierarchical,article,journal_article,scholarly,True,False,True,@article,Hierarchical energy flexibility coordination of all-electric buildings for deliverable grid services,"Kheiri, Sevda Zeinal and Mirzaei, Mohammad Amin and Parvania, Masood",2026,International Journal of Electrical Power & Energy Systems,Elsevier,,,not_checked,,,,10.1016/j.ijepes.2025.111476,10.1016/j.ijepes.2025.111476,found_high_confidence,Crossref search,1.0,1.0,0,True,1.0,journal-article,True,https://linkinghub.elsevier.com/retrieve/pii/S0142061525010245,resolved,
51:kaldeh2025integration,kaldeh2025integration,article,journal_article,scholarly,True,False,True,@article,"Integration of renewable sources in buildings: A review of energy savings, feasibility, and challenges","Kaldeh, Sheida Nadalipour and Yousefi, Hossein and Noorollahi, Younes and Abdoos, Mahmood",2025,Energy Reports,Elsevier,,,not_checked,,,,10.1016/j.egyr.2025.10.046,,candidate_manual_review,Crossref search,0.89,1.0,0,False,1.0,journal-article,True,,,
52:khalili2025role,khalili2025role,article,journal_article,scholarly,True,False,True,@article,Role and trends of flexibility options in 100% renewable energy system analyses towards the Power-to-X Economy,"Khalili, Siavash and Lopez, Gabriel and Breyer, Christian",2025,Renewable and Sustainable Energy Reviews,Elsevier,,,not_checked,,,,10.1016/j.rser.2025.115383,10.1016/j.rser.2025.115383,found_high_confidence,Crossref search,1.0,1.0,0,True,1.0,journal-article,True,https://linkinghub.elsevier.com/retrieve/pii/S1364032125000565,resolved,
53:ohanu2024comprehensive,ohanu2024comprehensive,article,journal_article,scholarly,True,False,True,@article,A comprehensive review of recent developments in smart grid through renewable energy resources integration,"Ohanu, Chibuike Peter and Rufai, Salihu Ahmed and Oluchi, Ugbe Christiana",2024,Heliyon,Elsevier,,,not_checked,,,,10.1016/j.heliyon.2024.e25705,10.1016/j.heliyon.2024.e25705,found_high_confidence,Crossref search,1.0,1.0,0,True,1.0,journal-article,True,https://linkinghub.elsevier.com/retrieve/pii/S2405844024017365,resolved,
54:fernandez2024review,fernandez2024review,article,journal_article,scholarly,True,False,True,@article,"Review of challenges and key enablers in energy systems towards net zero target: Renewables, storage, buildings, & grid technologies","Fernandez, Malcolm Isaac and Go, Yun Ii and Wong, Dennis ML and Fruh, Wolf-Gerrit",2024,Heliyon,Elsevier,,,not_checked,,,,10.1016/j.heliyon.2024.e40691,10.1016/j.heliyon.2024.e40691,found_high_confidence,Crossref search,1.0,1.0,0,True,1.0,journal-article,True,https://linkinghub.elsevier.com/retrieve/pii/S2405844024167229,resolved,
55:lukavc2025changing,lukavc2025changing,article,journal_article,scholarly,True,False,True,@article,Changing the paradigm of distribution networks planning and operation: A systematic review of the distributed energy resources impact,"Lukac, Lovro and Antic, Tomislav and Capuder, Tomislav",2025,"Sustainable energy, grids and networks",Elsevier,,,not_checked,,,,10.1109/eem.2009.5207113,,candidate_manual_review,Crossref search,0.2298,0.2749,16,False,0.34,proceedings-article,False,,,
56:lee2026integrating,lee2026integrating,article,journal_article,scholarly,True,False,True,@article,"Integrating distributed energy resources in power distribution systems: A comprehensive review of impacts, challenges, and opportunities from a distribution system operator’s perspective","Lee, Han Pyo",2026,Applied Energy,Elsevier,,,not_checked,,,,10.1016/j.apenergy.2025.127052,10.1016/j.apenergy.2025.127052,found_high_confidence,Crossref search,1.0,1.0,0,True,1.0,journal-article,True,https://linkinghub.elsevier.com/retrieve/pii/S0306261925017829,resolved,
57:gilvanejad2024distributed,gilvanejad2024distributed,article,journal_article,scholarly,True,False,True,@article,A distributed energy resources control method to improve the loading profile of radial distribution feeders using solid-state transformer,"Gilvanejad, Mojtaba",2024,Electric Power Systems Research,Elsevier,,,not_checked,,,,10.1016/j.epsr.2023.110110,10.1016/j.epsr.2023.110110,found_high_confidence,Crossref search,1.0,1.0,0,True,1.0,journal-article,True,https://linkinghub.elsevier.com/retrieve/pii/S0378779623009975,resolved,
58:su2026exploring,su2026exploring,article,journal_article,scholarly,True,False,True,@article,Exploring demand side flexibility through aggregation of individual devices,"Su, Chenyu and Fachrizal, Reza and Jurasz, Jakub and Avelin, Anders and Li, Hailong",2026,Renewable and Sustainable Energy Reviews,Elsevier,,,not_checked,,,,10.1016/j.rser.2025.116655,10.1016/j.rser.2025.116655,found_high_confidence,Crossref search,1.0,1.0,0,True,1.0,journal-article,True,https://linkinghub.elsevier.com/retrieve/pii/S1364032125013280,resolved,
59:mentens2025flexibility,mentens2025flexibility,article,journal_article,scholarly,True,False,True,@article,Flexibility in short-term electricity markets for renewable integration and uncertainty mitigation: A comprehensive review,"Mentens, Lander and Peremans, Herbert and Springael, Johan and Nimmegeers, Philippe",2025,Smart Energy,Elsevier,,,not_checked,,,,10.1016/j.segy.2025.100183,10.1016/j.segy.2025.100183,found_high_confidence,Crossref search,1.0,1.0,0,True,1.0,journal-article,True,https://linkinghub.elsevier.com/retrieve/pii/S2666955225000115,resolved,
60:qi2025research,qi2025research,article,journal_article,scholarly,True,False,True,@article,Research on quantitative evaluation and optimal allocation of electricity system flexibility,"Qi, Ze and Guo, Sen and Zhao, Huiru",2025,Energy,Elsevier,,,not_checked,,,,10.1016/j.energy.2025.135443,10.1016/j.energy.2025.135443,found_high_confidence,Crossref search,1.0,1.0,0,True,1.0,journal-article,True,https://linkinghub.elsevier.com/retrieve/pii/S0360544225010850,resolved,
61:mehmood2026review,mehmood2026review,article,journal_article,scholarly,True,False,True,@article,A review of congestion management methods for power distribution networks: Current practices and future challenges,"Mehmood, Khawaja Khalid and Moura, Ranier Alexsander Arruda and van der Molen, Anne and Tonkoski, Reinaldo and Tzscheutschler, Peter and van der Wielen, Peter and Nguyen, Phuong Hong",2026,Applied Energy,Elsevier,,,not_checked,,,,10.1016/j.apenergy.2025.127342,10.1016/j.apenergy.2025.127342,found_high_confidence,Crossref search,1.0,1.0,0,True,1.0,journal-article,True,https://linkinghub.elsevier.com/retrieve/pii/S0306261925020720,resolved,
62:ghanbarzadeh2025addressing,ghanbarzadeh2025addressing,article,journal_article,scholarly,True,False,True,@article,Addressing reliability challenges in generation capacity planning under high penetration of renewable energy resources and storage solutions: A review,"Ghanbarzadeh, Taraneh and Habibi, Daryoush and Aziz, Asma",2025,Renewable and Sustainable Energy Reviews,Elsevier,,,not_checked,,,,10.1016/j.rser.2025.115461,10.1016/j.rser.2025.115461,found_high_confidence,Crossref search,1.0,1.0,0,True,1.0,journal-article,True,https://linkinghub.elsevier.com/retrieve/pii/S1364032125001340,resolved,
63:laimon2025renewable,laimon2025renewable,article,journal_article,scholarly,True,False,True,@article,Renewable energy curtailment: a problem or an opportunity?,"Laimon, M",2025,Results in Engineering,Elsevier,,,not_checked,,,,10.1016/j.rineng.2025.104925,10.1016/j.rineng.2025.104925,found_high_confidence,Crossref search,1.0,1.0,0,True,1.0,journal-article,True,https://linkinghub.elsevier.com/retrieve/pii/S2590123025010011,resolved,
64:lee2026improving,lee2026improving,article,journal_article,scholarly,True,False,True,@article,Improving distribution system flexibility using electric vehicles under the distributed energy resource management system framework,"Lee, Semi and Jung, Jaesung",2026,Renewable and Sustainable Energy Reviews,Elsevier,,,not_checked,,,,10.1016/j.rser.2025.116292,10.1016/j.rser.2025.116292,found_high_confidence,Crossref search,1.0,1.0,0,True,1.0,journal-article,True,https://linkinghub.elsevier.com/retrieve/pii/S1364032125009657,resolved,
65:kamana2026rethinking,kamana2026rethinking,article,journal_article,scholarly,True,False,True,@article,Rethinking residential energy policy: A review of priorities and directions for effective and equitable demand-side management,"Kamana-Williams, Baxter and Cerdeira, Alice E and Hooper, RJ and Peer, Rebecca and Chase, J Geoffrey",2026,Applied Energy,Elsevier,,,not_checked,,,,10.1016/j.apenergy.2025.127263,10.1016/j.apenergy.2025.127263,found_high_confidence,Crossref search,1.0,1.0,0,True,1.0,journal-article,True,https://linkinghub.elsevier.com/retrieve/pii/S0306261925019932,resolved,
66:tang2025energy,tang2025energy,article,journal_article,scholarly,True,False,True,@article,"Energy-flexibility strategy for residential blocks with multiple morphologies based on energy, economy, and carbon reduction performance","Tang, Haida and Wang, Yuqin and Li, Chunying",2025,Building and Environment,Elsevier,,,not_checked,,,,10.1016/j.buildenv.2024.112333,10.1016/j.buildenv.2024.112333,found_high_confidence,Crossref search,1.0,1.0,0,True,1.0,journal-article,True,https://linkinghub.elsevier.com/retrieve/pii/S0360132324011752,resolved,
67:zhou2025demand,zhou2025demand,article,journal_article,scholarly,True,False,True,@article,Demand flexibility characterisation in non-residential buildings: A review,"Zhou, Xinlei and Yap, Emily W and Dou, Wanbin and Huang, Mingyang and Aziz, Muhammad Shahbaz and Robinson, Duane A and McDowell, Clayton and White, Stephen D and Goldsworthy, Mark and Sethuvenkatraman, Subbu and others",2025,Applied Energy,Elsevier,,,not_checked,,,,10.1016/j.apenergy.2025.126100,10.1016/j.apenergy.2025.126100,found_high_confidence,Crossref search,1.0,1.0,0,True,1.0,journal-article,True,https://linkinghub.elsevier.com/retrieve/pii/S030626192500830X,resolved,
68:schibuola2025impact,schibuola2025impact,article,journal_article,scholarly,True,False,True,@article,Impact of electrical energy storage on the performance of photovoltaic systems in building retrofits,"Schibuola, Luigi and Tambani, Chiara",2025,Energy and Buildings,Elsevier,,,not_checked,,,,10.2139/ssrn.5345751,,candidate_manual_review,Crossref search,1.0,1.0,0,True,0.0,posted-content,False,,,
69:jiang2025credible,jiang2025credible,article,journal_article,scholarly,True,False,True,@article,Credible demand response capacity evaluation for building HVAC systems based on grey-box models,"Jiang, Siyu and Hui, Hongxun and Song, Yonghua",2025,Applied Energy,Elsevier,,,not_checked,,,,10.1016/j.apenergy.2025.126144,,candidate_manual_review,Crossref search,1.0,1.0,0,True,1.0,journal-article,True,,,
70:ahmadi2026comprehensive,ahmadi2026comprehensive,article,journal_article,scholarly,True,False,True,@article,A comprehensive review of AI-driven approaches for smart grid stability and reliability,"Ahmadi, Mehrnaz and Aly, Hamed and Gu, Jason",2026,Renewable and Sustainable Energy Reviews,Elsevier,,,not_checked,,,,10.1016/j.rser.2025.116424,10.1016/j.rser.2025.116424,found_high_confidence,Crossref search,1.0,1.0,0,True,1.0,journal-article,True,https://linkinghub.elsevier.com/retrieve/pii/S1364032125010974,resolved,
71:hasan2025state,hasan2025state,article,journal_article,scholarly,True,False,True,@article,"A state-of-the-art comparative review of load forecasting methods: Characteristics, perspectives, and applications","Hasan, Mahmudul and Mifta, Zannatul and Papiya, Sumaiya Janefar and Roy, Paromita and Dey, Pronay and Salsabil, Nafisa Atia and Chowdhury, Nahid-Ur-Rahman and Farrok, Omar",2025,Energy Conversion and Management: X,Elsevier,,,not_checked,,,,10.1016/j.ecmx.2025.100922,10.1016/j.ecmx.2025.100922,found_high_confidence,Crossref search,1.0,1.0,0,True,1.0,journal-article,True,https://linkinghub.elsevier.com/retrieve/pii/S2590174525000546,resolved,
72:nowak2025emission,nowak2025emission,article,journal_article,scholarly,True,False,True,@article,Emission-based demand response in energy system optimisations—A systematic literature review,"Nowak, Christine and Bertsch, Valentin",2025,Applied Energy,Elsevier,,,not_checked,,,,10.1016/j.apenergy.2025.126635,10.1016/j.apenergy.2025.126635,found_high_confidence,Crossref search,1.0,1.0,0,True,1.0,journal-article,True,https://linkinghub.elsevier.com/retrieve/pii/S0306261925013650,resolved,
73:razzaghi2026reliability,razzaghi2026reliability,article,journal_article,scholarly,True,False,True,@article,"Reliability-, security-, and flexibility-oriented distribution network expansion planning: Comprehensive review and future trends","Razzaghi, Ali and Larimi, Sayyed Majid Miri and Baghaee, Hamid Reza",2026,Energy Strategy Reviews,Elsevier,,,not_checked,,,,10.1016/j.esr.2026.102055,10.1016/j.esr.2026.102055,found_high_confidence,Crossref search,1.0,1.0,0,True,1.0,journal-article,True,https://linkinghub.elsevier.com/retrieve/pii/S2211467X26000210,resolved,
74:apajalahti2015demand,apajalahti2015demand,article,journal_article,scholarly,True,False,True,@article,From demand side management (DSM) to energy efficiency services: A Finnish case study,"Apajalahti, Eeva-Lotta and Lovio, Raimo and Heiskanen, Eva",2015,Energy Policy,Elsevier,,,not_checked,,,,10.1016/j.enpol.2015.02.013,10.1016/j.enpol.2015.02.013,found_high_confidence,Crossref search,1.0,1.0,0,True,1.0,journal-article,True,https://linkinghub.elsevier.com/retrieve/pii/S0301421515000762,resolved,
75:stanelyte2022overview,stanelyte2022overview,article,journal_article,scholarly,True,False,True,@article,Overview of demand-response services: A review,"Stanelyte, Daiva and Radziukyniene, Neringa and Radziukynas, Virginijus",2022,Energies,MDPI,,,not_checked,,,,10.3390/en15051659,10.3390/en15051659,found_high_confidence,Crossref search,1.0,1.0,0,True,1.0,journal-article,True,https://www.mdpi.com/1996-1073/15/5/1659,resolved,
76:impram2020challenges,impram2020challenges,article,journal_article,scholarly,True,False,True,@article,Challenges of renewable energy penetration on power system flexibility: A survey,"Impram, Semich and Nese, Secil Varbak and Oral, Bulent",2020,Energy strategy reviews,Elsevier,,,not_checked,,,,10.1016/j.esr.2020.100539,10.1016/j.esr.2020.100539,found_high_confidence,Crossref search,1.0,1.0,0,True,1.0,journal-article,True,https://linkinghub.elsevier.com/retrieve/pii/S2211467X20300924,resolved,
77:zahedi2011review,zahedi2011review,article,journal_article,scholarly,True,False,True,@article,"A review of drivers, benefits, and challenges in integrating renewable energy sources into electricity grid","Zahedi, Ahmad",2011,Renewable and Sustainable Energy Reviews,Elsevier,,,not_checked,,,,10.1016/j.rser.2011.07.074,10.1016/j.rser.2011.07.074,found_high_confidence,Crossref search,1.0,1.0,0,True,1.0,journal-article,True,https://linkinghub.elsevier.com/retrieve/pii/S1364032111003194,resolved,
78:akbari2025two,akbari2025two,article,journal_article,scholarly,True,False,True,@article,A two-stage probabilistic flexibility management model for aggregated residential buildings,"Akbari, Saeed and Martins, Jo\ ao and Camarinha-Matos, Luis M and Petrone, Giovanni",2025,Energy and Buildings,Elsevier,,,not_checked,,,,10.1016/j.enbuild.2025.115404,10.1016/j.enbuild.2025.115404,found_high_confidence,Crossref search,1.0,1.0,0,True,1.0,journal-article,True,https://linkinghub.elsevier.com/retrieve/pii/S0378778825001343,resolved,
79:ding2015overall,ding2015overall,article,journal_article,scholarly,True,False,True,@article,"Overall review of peaking power in China: Status quo, barriers and solutions","Ding, Ning and Duan, Jinhui and Xue, Song and Zeng, Ming and Shen, Jianfei",2015,Renewable and Sustainable Energy Reviews,Elsevier,,,not_checked,,,,10.1016/j.rser.2014.10.041,10.1016/j.rser.2014.10.041,found_high_confidence,Crossref search,1.0,1.0,0,True,1.0,journal-article,True,https://linkinghub.elsevier.com/retrieve/pii/S1364032114008661,resolved,
80:uddin2018review,uddin2018review,article,journal_article,scholarly,True,False,True,@article,A review on peak load shaving strategies,"Uddin, Moslem and Romlie, Mohd Fakhizan and Abdullah, Mohd Faris and Abd Halim, Syahirah and Bakar, Ab Halim Abu and Kwang, Tan Chia",2018,Renewable and Sustainable Energy Reviews,Elsevier,,,not_checked,,,,10.1016/j.rser.2017.10.056,10.1016/j.rser.2017.10.056,found_high_confidence,Crossref search,1.0,1.0,0,True,1.0,journal-article,True,https://linkinghub.elsevier.com/retrieve/pii/S1364032117314272,resolved,
81:chua2020state,chua2020state,inproceedings,conference_paper,scholarly,True,False,True,@inproceedings,The state-of-the-arts of peak shaving technologies: a review,"Chua, Kein Huat and Bong, Huoy Lih and Lim, Yun Seng and Wong, Jianhui and Wang, Li",2020,2020 International Conference on Smart Grid and Clean Energy Technologies (ICSGCE),,,,not_checked,,,,10.1109/icsgce49177.2020.9275637,10.1109/icsgce49177.2020.9275637,found_high_confidence,Crossref search,1.0,1.0,0,True,1.0,proceedings-article,True,https://ieeexplore.ieee.org/document/9275637/,resolved,
82:ma2022research,ma2022research,article,journal_article,scholarly,True,False,True,@article,Research on the valley-filling pricing for EV charging considering renewable power generation,"Ma, Shao-Chao and Yi, Bo-Wen and Fan, Ying",2022,Energy Economics,Elsevier,,,not_checked,,,,10.1016/j.eneco.2021.105781,10.1016/j.eneco.2021.105781,found_high_confidence,Crossref search,1.0,1.0,0,True,1.0,journal-article,True,https://linkinghub.elsevier.com/retrieve/pii/S0140988321006216,resolved,
83:morales2022classifying,morales2022classifying,article,journal_article,scholarly,True,False,True,@article,Classifying and modelling demand response in power systems,"Morales-Espa\ na, German and Mart\' nez-Gordon, Rafael and Sijm, Jos",2022,Energy,Elsevier,,,not_checked,,,,10.1016/j.energy.2021.122544,,candidate_manual_review,Crossref search,0.89,1.0,0,False,1.0,journal-article,True,,,
84:rousseau2025trajectory,rousseau2025trajectory,article,journal_article,scholarly,True,False,True,@article,Trajectory-independent flexibility envelopes of energy-constrained systems with state-dependent losses,"Rousseau, Julie and Tajoli, Carlo and Cai, Hanmin and Heer, Philipp and Orehounig, Kristina and Hug, Gabriela",2025,IEEE Transactions on Smart Grid,IEEE,,,not_checked,,,,10.1109/tsg.2025.3620988,10.1109/tsg.2025.3620988,found_high_confidence,Crossref search,0.972,1.0,1,True,1.0,journal-article,True,https://ieeexplore.ieee.org/document/11202576/,resolved,
85:ozturk2025python,ozturk2025python,article,journal_article,scholarly,True,False,True,@article,A python toolbox for flexibility aggregation and disaggregation: PyFlexAD,"Ozturk, Emrah and Kaspar, Kevin and Faulwasser, Timm and Worthmann, Karl and Kepplinger, Peter and Rheinberger, Klaus",2025,"Sustainable energy, grids and networks",Elsevier,,,not_checked,,,,,,not_found,,0.0,0.0,,False,0.0,,False,,,
86:bampoulas2023bayesian,bampoulas2023bayesian,article,journal_article,scholarly,True,False,True,@article,A Bayesian deep-learning framework for assessing the energy flexibility of residential buildings with multicomponent energy systems,"Bampoulas, Adamantios and Pallonetto, Fabiano and Mangina, Eleni and Finn, Donal P",2023,Applied Energy,Elsevier,,,not_checked,,,,10.1016/j.apenergy.2023.121576,10.1016/j.apenergy.2023.121576,found_high_confidence,Crossref search,1.0,1.0,0,True,1.0,journal-article,True,https://linkinghub.elsevier.com/retrieve/pii/S0306261923009406,resolved,
87:ruan2023potential,ruan2023potential,article,journal_article,scholarly,True,False,True,@article,Potential quantification and impact factors analysis of energy flexibility in residential buildings with preheating control strategies,"Ruan, Yingjun and Ma, Jiacheng and Meng, Hua and Qian, Fanyue and Xu, Tingting and Yao, Jiawei",2023,Journal of Building Engineering,Elsevier,,,not_checked,,,,10.1016/j.jobe.2023.107657,10.1016/j.jobe.2023.107657,found_high_confidence,Crossref search,1.0,1.0,0,True,1.0,journal-article,True,https://linkinghub.elsevier.com/retrieve/pii/S2352710223018375,resolved,
88:aryal2018energy,aryal2018energy,article,journal_article,scholarly,True,False,True,@article,Energy consequences of Comfort-driven temperature setpoints in office buildings,"Aryal, Ashrant and Becerik-Gerber, Burcin",2018,Energy and Buildings,Elsevier,,,not_checked,,,,10.1016/j.enbuild.2018.08.013,10.1016/j.enbuild.2018.08.013,found_high_confidence,Crossref search,1.0,1.0,0,True,1.0,journal-article,True,https://linkinghub.elsevier.com/retrieve/pii/S0378778818305838,resolved,
89:wang2023demand,wang2023demand,article,journal_article,scholarly,True,False,True,@article,Demand response via optimal pre-cooling combined with temperature reset strategy for air conditioning system: A case study of office building,"Wang, Jiewei and Wei, Ziqing and Zhu, Yikang and Zheng, Chunyuan and Li, Bin and Zhai, Xiaoqiang",2023,Energy,Elsevier,,,not_checked,,,,10.1016/j.energy.2023.128751,10.1016/j.energy.2023.128751,found_high_confidence,Crossref search,1.0,1.0,0,True,1.0,journal-article,True,https://linkinghub.elsevier.com/retrieve/pii/S036054422302145X,resolved,
90:afroz2024study,afroz2024study,article,journal_article,scholarly,True,False,True,@article,A study on price responsive energy flexibility of an office building under cooling dominated climatic conditions,"Afroz, Zakia and Wu, Hao and Sethuvenkatraman, Subbu and Henze, Gregor and Junker, Rune Gr nborg and Shepit, Matt",2024,Energy and Buildings,Elsevier,,,not_checked,,,,10.1016/j.enbuild.2024.114359,10.1016/j.enbuild.2024.114359,found_high_confidence,Crossref search,1.0,1.0,0,True,1.0,journal-article,True,https://linkinghub.elsevier.com/retrieve/pii/S0378778824004754,resolved,
91:zhou2022energy,zhou2022energy,article,journal_article,scholarly,True,False,True,@article,Energy flexibility and viability enhancement for an ocean-energy-supported zero-emission office building with respect to both existing and advanced utility business models with dynamic responsive incentives,"Zhou, Shijie and Cao, Sunliang",2022,Energy Reports,Elsevier,,,not_checked,,,,10.1016/j.egyr.2022.08.005,10.1016/j.egyr.2022.08.005,found_high_confidence,Crossref search,1.0,1.0,0,True,1.0,journal-article,True,https://linkinghub.elsevier.com/retrieve/pii/S2352484722014482,resolved,
92:sens2022capital,sens2022capital,article,journal_article,scholarly,True,False,True,@article,Capital expenditure and levelized cost of electricity of photovoltaic plants and wind turbines--Development by 2050,"Sens, Lucas and Neuling, Ulf and Kaltschmitt, Martin",2022,Renewable Energy,Elsevier,,,not_checked,,,,10.1016/j.renene.2021.12.042,10.1016/j.renene.2021.12.042,found_high_confidence,Crossref search,1.0,1.0,0,True,1.0,journal-article,True,https://linkinghub.elsevier.com/retrieve/pii/S0960148121017626,resolved,
93:d2022exploiting,d2022exploiting,article,journal_article,scholarly,True,False,True,@article,"Exploiting demand-side flexibility: State-of-the-art, open issues and social perspective","D’Ettorre, F and Banaei, M and Ebrahimy, R and Pourmousavi, S Ali and Blomgren, EMV and Kowalski, J and Bohdanowicz, Z and opaciuk-Gonczaryk, B and Biele, C and Madsen, H",2022,Renewable and Sustainable Energy Reviews,Elsevier,,,not_checked,,,,,,not_found,,0.0,0.0,,False,0.0,,False,,,
94:manic2016building,manic2016building,article,journal_article,scholarly,True,False,True,@article,Building energy management systems: The age of intelligent and adaptive buildings,"Manic, Milos and Wijayasekara, Dumidu and Amarasinghe, Kasun and Rodriguez-Andina, Juan J",2016,IEEE Industrial Electronics Magazine,IEEE,,,not_checked,,,,10.1109/mie.2015.2513749,10.1109/mie.2015.2513749,found_high_confidence,Crossref search,1.0,1.0,0,True,1.0,journal-article,True,https://ieeexplore.ieee.org/document/7436878/,resolved,
95:li2021energy,li2021energy,article,journal_article,scholarly,True,False,True,@article,Energy flexibility of residential buildings: A systematic review of characterization and quantification methods and applications,"Li, Han and Wang, Zhe and Hong, Tianzhen and Piette, Mary Ann",2021,Advances in Applied Energy,Elsevier,,,not_checked,,,,10.1016/j.adapen.2021.100054,10.1016/j.adapen.2021.100054,found_high_confidence,Crossref search,1.0,1.0,0,True,1.0,journal-article,True,https://linkinghub.elsevier.com/retrieve/pii/S2666792421000469,resolved,
96:strauch2024model,strauch2024model,article,journal_article,scholarly,True,False,True,@article,Model predictive control for demand flexibility of a residential building with multiple distributed energy resources,"Strauch, Pascal and Wang, Weimin and Langner, Felix",2024,Energy and Buildings,Elsevier,,,not_checked,,,,10.1016/j.enbuild.2023.113884,10.1016/j.enbuild.2023.113884,found_high_confidence,Crossref search,1.0,1.0,0,True,1.0,journal-article,True,https://linkinghub.elsevier.com/retrieve/pii/S0378778823011143,resolved,
97:rafique2021energy,rafique2021energy,article,journal_article,scholarly,True,False,True,@article,Energy management systems for residential buildings with electric vehicles and distributed energy resources,"Rafique, Sohaib and Hossain, Mohammad Jahangir and Nizami, Mohammad Sohrab Hasan and Irshad, Usama Bin and Mukhopadhyay, Subhas Chandra",2021,Ieee Access,IEEE,,,not_checked,,,,10.1109/access.2021.3067950,10.1109/access.2021.3067950,found_high_confidence,Crossref search,1.0,1.0,0,True,1.0,journal-article,True,https://ieeexplore.ieee.org/document/9382980/,resolved,
98:palensky2011demand,palensky2011demand,article,journal_article,scholarly,True,False,True,@article,"Demand side management: Demand response, intelligent energy systems, and smart loads","Palensky, Peter and Dietrich, Dietmar",2011,IEEE transactions on industrial informatics,IEEE,,,not_checked,,,,10.1109/tii.2011.2158841,10.1109/tii.2011.2158841,found_high_confidence,Crossref search,1.0,1.0,0,True,1.0,journal-article,True,https://ieeexplore.ieee.org/document/5930335/,resolved,
99:niu2019flexible,niu2019flexible,article,journal_article,scholarly,True,False,True,@article,Flexible dispatch of a building energy system using building thermal storage and battery energy storage,"Niu, Jide and Tian, Zhe and Lu, Yakai and Zhao, Hongfang",2019,Applied Energy,Elsevier,,,not_checked,,,,10.1016/j.apenergy.2019.03.187,10.1016/j.apenergy.2019.03.187,found_high_confidence,Crossref search,1.0,1.0,0,True,1.0,journal-article,True,https://linkinghub.elsevier.com/retrieve/pii/S030626191930604X,resolved,
100:li2020system,li2020system,article,journal_article,scholarly,True,False,True,@article,System-level key performance indicators for building performance evaluation,"Li, Han and Hong, Tianzhen and Lee, Sang Hoon and Sofos, Marina",2020,Energy and Buildings,Elsevier,,,not_checked,,,,10.1016/j.enbuild.2019.109703,10.1016/j.enbuild.2019.109703,found_high_confidence,Crossref search,1.0,1.0,0,True,1.0,journal-article,True,https://linkinghub.elsevier.com/retrieve/pii/S0378778819324326,resolved,
101:langevin2021us,langevin2021us,article,journal_article,scholarly,True,False,True,@article,US building energy efficiency and flexibility as an electric grid resource,"Langevin, Jared and Harris, Chioke B and Satre-Meloy, Aven and Chandra-Putra, Handi and Speake, Andrew and Present, Elaina and Adhikari, Rajendra and Wilson, Eric JH and Satchwell, Andrew J",2021,Joule,Elsevier,,,not_checked,,,,10.1016/j.joule.2021.06.002,10.1016/j.joule.2021.06.002,found_high_confidence,Crossref search,1.0,1.0,0,True,1.0,journal-article,True,https://linkinghub.elsevier.com/retrieve/pii/S2542435121002907,resolved,
102:liu2022defining,liu2022defining,article,journal_article,scholarly,True,False,True,@article,Defining and applying an electricity demand flexibility benchmarking metrics framework for grid-interactive efficient commercial buildings,"Liu, Jingjing and Yin, Rongxin and Yu, Lili and Piette, Mary Ann and Pritoni, Marco and Casillas, Armando and Xie, Jiarong and Hong, Tianzhen and Neukomm, Monica and Schwartz, Peter",2022,Advances in Applied Energy,Elsevier,,,not_checked,,,,10.1016/j.adapen.2022.100107,10.1016/j.adapen.2022.100107,found_high_confidence,Crossref search,1.0,1.0,0,True,1.0,journal-article,True,https://linkinghub.elsevier.com/retrieve/pii/S2666792422000257,resolved,
103:mathieu2011quantifying,mathieu2011quantifying,article,journal_article,scholarly,True,False,True,@article,"Quantifying changes in building electricity use, with application to demand response","Mathieu, Johanna L and Price, Phillip N and Kiliccote, Sila and Piette, Mary Ann",2011,IEEE Transactions on Smart Grid,IEEE,,,not_checked,,,,10.1109/tsg.2011.2145010,10.1109/tsg.2011.2145010,found_high_confidence,Crossref search,1.0,1.0,0,True,1.0,journal-article,True,https://ieeexplore.ieee.org/document/5772947/,resolved,
104:dinh2022supervised,dinh2022supervised,article,journal_article,scholarly,True,False,True,@article,Supervised-learning-based hour-ahead demand response for a behavior-based home energy management system approximating MILP optimization,"Dinh, Huy Truong and Lee, Kyu-haeng and Kim, Daehee",2022,Applied Energy,Elsevier,,,not_checked,,,,10.1016/j.apenergy.2022.119382,10.1016/j.apenergy.2022.119382,found_high_confidence,Crossref search,1.0,1.0,0,True,1.0,journal-article,True,https://linkinghub.elsevier.com/retrieve/pii/S0306261922007231,resolved,
105:el2026load,el2026load,article,journal_article,scholarly,True,False,True,@article,Load scheduling optimization for user-centric residential demand response leveraging time use surveys,"El Makroum, Reda and Zwickl-Bernhard, Sebastian and Kranzl, Lukas and Auer, Hans",2026,Applied Energy,Elsevier,,,not_checked,,,,10.1016/j.apenergy.2025.127080,10.1016/j.apenergy.2025.127080,found_high_confidence,Crossref search,1.0,1.0,0,True,1.0,journal-article,True,https://linkinghub.elsevier.com/retrieve/pii/S0306261925018100,resolved,
106:jadhav2023smart,jadhav2023smart,article,journal_article,scholarly,True,False,True,@article,Smart residential distribution energy management system with integration of demand response and aggregator,"Jadhav, Pradnya and More, Dagadu and Salkuti, Surender Reddy",2023,Cleaner and Responsible Consumption,Elsevier,,,not_checked,,,,10.1016/j.clrc.2023.100115,10.1016/j.clrc.2023.100115,found_high_confidence,Crossref search,1.0,1.0,0,True,1.0,journal-article,True,https://linkinghub.elsevier.com/retrieve/pii/S2666784323000165,resolved,
107:han2024probabilistic,han2024probabilistic,article,journal_article,scholarly,True,False,True,@article,A probabilistic model for real-time quantification of building energy flexibility,"Han, Binglong and Li, Hangxin and Wang, Shengwei",2024,Advances in Applied Energy,Elsevier,,,not_checked,,,,10.1016/j.adapen.2024.100186,10.1016/j.adapen.2024.100186,found_high_confidence,Crossref search,1.0,1.0,0,True,1.0,journal-article,True,https://linkinghub.elsevier.com/retrieve/pii/S2666792424000246,resolved,
108:kou2020scalable,kou2020scalable,article,journal_article,scholarly,True,False,True,@article,A scalable and distributed algorithm for managing residential demand response programs using alternating direction method of multipliers (ADMM),"Kou, Xiao and Li, Fangxing and Dong, Jin and Starke, Michael and Munk, Jeffrey and Xue, Yaosuo and Olama, Mohammed and Zandi, Helia",2020,IEEE Transactions on Smart Grid,IEEE,,,not_checked,,,,10.1109/tsg.2020.2995923,10.1109/tsg.2020.2995923,found_high_confidence,Crossref search,1.0,1.0,0,True,1.0,journal-article,True,https://ieeexplore.ieee.org/document/9112232/,resolved,
109:vigna2021assessing,vigna2021assessing,article,journal_article,scholarly,True,False,True,@article,Assessing the energy flexibility of building clusters under different forcing factors,"Vigna, Ilaria and Lollini, Roberto and Pernetti, Roberta",2021,Journal of Building Engineering,Elsevier,,,not_checked,,,,10.1016/j.jobe.2021.102888,10.1016/j.jobe.2021.102888,found_high_confidence,Crossref search,1.0,1.0,0,True,1.0,journal-article,True,https://linkinghub.elsevier.com/retrieve/pii/S2352710221007464,resolved,
110:shantanu2025demand,shantanu2025demand,article,journal_article,scholarly,True,False,True,@article,Demand response for residential appliances using multi-agent reinforcement learning with price and solar power uncertainty,"Shantanu, Kumar and Choudhary, Niraj Kumar and Singh, Nitin and Kumar, Krishna",2025,Energy Reports,Elsevier,,,not_checked,,,,10.1016/j.egyr.2025.10.047,10.1016/j.egyr.2025.10.047,found_high_confidence,Crossref search,1.0,1.0,0,True,1.0,journal-article,True,https://linkinghub.elsevier.com/retrieve/pii/S2352484725006158,resolved,
111:sridhar2024residential,sridhar2024residential,article,journal_article,scholarly,True,False,True,@article,Residential consumer enrollment in demand response: An agent based approach,"Sridhar, Araavind and Honkapuro, Samuli and Ruiz, Fredy and Stoklasa, Jan and Annala, Salla and Wolff, Annika",2024,Applied Energy,Elsevier,,,not_checked,,,,10.1016/j.apenergy.2024.123988,10.1016/j.apenergy.2024.123988,found_high_confidence,Crossref search,1.0,1.0,0,True,1.0,journal-article,True,https://linkinghub.elsevier.com/retrieve/pii/S0306261924013710,resolved,
112:sridhar2023toward,sridhar2023toward,article,journal_article,scholarly,True,False,True,@article,Toward residential flexibility—Consumer willingness to enroll household loads in demand response,"Sridhar, Araavind and Honkapuro, Samuli and Ruiz, Fredy and Stoklasa, Jan and Annala, Salla and Wolff, Annika and Rautiainen, Antti",2023,Applied Energy,Elsevier,,,not_checked,,,,10.1016/j.apenergy.2023.121204,10.1016/j.apenergy.2023.121204,found_high_confidence,Crossref search,1.0,1.0,0,True,1.0,journal-article,True,https://linkinghub.elsevier.com/retrieve/pii/S0306261923005688,resolved,
113:aliabadi2021coordination,aliabadi2021coordination,article,journal_article,scholarly,True,False,True,@article,Coordination of smart home energy management systems in neighborhood areas: A systematic review,"Aliabadi, Farshad Etedadi and Agbossou, Kodjo and Kelouwani, Sousso and Henao, Nilson and Hosseini, Sayed Saeed",2021,IEEE Access,IEEE,,,not_checked,,,,10.1109/access.2021.3061995,,candidate_manual_review,Crossref search,0.89,1.0,0,False,1.0,journal-article,True,,,
114:tostado2022home,tostado2022home,article,journal_article,scholarly,True,False,True,@article,Home energy management system considering effective demand response strategies and uncertainties,"Tostado-Veliz, Marcos and Arevalo, Paul and Kamel, Salah and Zawbaa, Hossam M and Jurado, Francisco",2022,Energy Reports,Elsevier,,,not_checked,,,,10.1016/j.egyr.2022.04.006,10.1016/j.egyr.2022.04.006,found_high_confidence,Crossref search,1.0,1.0,0,True,1.0,journal-article,True,https://linkinghub.elsevier.com/retrieve/pii/S2352484722007697,resolved,
115:chen2021user,chen2021user,article,journal_article,scholarly,True,False,True,@article,User preference-based demand response for smart home energy management using multiobjective reinforcement learning,"Chen, Song-Jen and Chiu, Wei-Yu and Liu, Wei-Jen",2021,IEEE Access,IEEE,,,not_checked,,,,10.1109/access.2021.3132962,10.1109/access.2021.3132962,found_high_confidence,Crossref search,1.0,1.0,0,True,1.0,journal-article,True,https://ieeexplore.ieee.org/document/9638574/,resolved,
116:lu2019demand,lu2019demand,article,journal_article,scholarly,True,False,True,@article,Demand response for home energy management using reinforcement learning and artificial neural network,"Lu, Renzhi and Hong, Seung Ho and Yu, Mengmeng",2019,IEEE Transactions on Smart Grid,IEEE,,,not_checked,,,,10.1109/tsg.2019.2909266,10.1109/tsg.2019.2909266,found_high_confidence,Crossref search,1.0,1.0,0,True,1.0,journal-article,True,https://ieeexplore.ieee.org/document/8681422/,resolved,
117:aladdin2020marla,aladdin2020marla,article,journal_article,scholarly,True,False,True,@article,MARLA-SG: Multi-agent reinforcement learning algorithm for efficient demand response in smart grid,"Aladdin, Sally and El-Tantawy, Samah and Fouda, Mostafa M and Eldien, Adly S Tag",2020,IEEE access,IEEE,,,not_checked,,,,10.1109/access.2020.3038863,10.1109/access.2020.3038863,found_high_confidence,Crossref search,1.0,1.0,0,True,1.0,journal-article,True,https://ieeexplore.ieee.org/document/9262925/,resolved,
118:rocca2025optimal,rocca2025optimal,article,journal_article,scholarly,True,False,True,@article,Optimal scheduling of district heat pumps conceived for implementation in energy management systems to participate in demand response,"Rocca, Roberto and Leonori, Stefano and Aznar, Gregorio Fernandez and Toffanin, Riccardo and Luengo-Baranguan, Luis",2025,Energy Conversion and Management: X,Elsevier,,,not_checked,,,,10.2139/ssrn.5194435,,candidate_manual_review,Crossref search,1.0,1.0,0,True,0.0,posted-content,False,,,
119:amer2022drl,amer2022drl,article,journal_article,scholarly,True,False,True,@article,DRL-HEMS: Deep reinforcement learning agent for demand response in home energy management systems considering customers and operators perspectives,"Amer, Aya A and Shaban, Khaled and Massoud, Ahmed M",2022,IEEE transactions on smart grid,IEEE,,,not_checked,,,,10.1109/tsg.2022.3198401,10.1109/tsg.2022.3198401,found_high_confidence,Crossref search,0.972,1.0,1,True,1.0,journal-article,True,https://ieeexplore.ieee.org/document/9855534/,resolved,
120:raza2024smart,raza2024smart,article,journal_article,scholarly,True,False,True,@article,Smart home energy management systems: Research challenges and survey,"Raza, Ali and Jingzhao, Li and Ghadi, Yazeed and Adnan, Muhammad and Ali, Mansoor",2024,Alexandria engineering journal,Elsevier,,,not_checked,,,,10.1016/j.aej.2024.02.033,10.1016/j.aej.2024.02.033,found_high_confidence,Crossref search,1.0,1.0,0,True,1.0,journal-article,True,https://linkinghub.elsevier.com/retrieve/pii/S1110016824001728,resolved,
121:ercoli2025demand,ercoli2025demand,article,journal_article,scholarly,True,False,True,@article,Demand response for renewable energy communities: Exploring coordination of prosumer-generated PV and flexible aggregated demand in the Italian framework,"Ercoli, Patricia and Mugnini, Alice and Arteconi, Alessia",2025,Energy and Buildings,Elsevier,,,not_checked,,,,10.1016/j.enbuild.2025.115814,10.1016/j.enbuild.2025.115814,found_high_confidence,Crossref search,1.0,1.0,0,True,1.0,journal-article,True,https://linkinghub.elsevier.com/retrieve/pii/S0378778825005444,resolved,
122:yang2024demand,yang2024demand,article,journal_article,scholarly,True,False,True,@article,Demand flexibility and cost-saving potentials via smart building energy management: Opportunities in residential space heating across the US,"Yang, Shiyu and Gao, H Oliver and You, Fengqi",2024,Advances in Applied Energy,Elsevier,,,not_checked,,,,10.1016/j.adapen.2024.100171,10.1016/j.adapen.2024.100171,found_high_confidence,Crossref search,1.0,1.0,0,True,1.0,journal-article,True,https://linkinghub.elsevier.com/retrieve/pii/S266679242400009X,resolved,
123:zheng2022hierarchical,zheng2022hierarchical,article,journal_article,scholarly,True,False,True,@article,Hierarchical distributed multi-energy demand response for coordinated operation of building clusters,"Zheng, Ling and Zhou, Bin and Cao, Yijia and Or, Siu Wing and Li, Yong and Chan, Ka Wing",2022,Applied Energy,Elsevier,,,not_checked,,,,10.1016/j.apenergy.2021.118362,10.1016/j.apenergy.2021.118362,found_high_confidence,Crossref search,1.0,1.0,0,True,1.0,journal-article,True,https://linkinghub.elsevier.com/retrieve/pii/S0306261921016068,resolved,
124:razmara2017building,razmara2017building,article,journal_article,scholarly,True,False,True,@article,Building-to-grid predictive power flow control for demand response and demand flexibility programs,"Razmara, Meysam and Bharati, GR and Hanover, Drew and Shahbakhti, Mahdi and Paudyal, Sumit and Robinett III, Rush D",2017,Applied Energy,Elsevier,,,not_checked,,,,10.1016/j.apenergy.2017.06.040,10.1016/j.apenergy.2017.06.040,found_high_confidence,Crossref search,1.0,1.0,0,True,1.0,journal-article,True,https://linkinghub.elsevier.com/retrieve/pii/S0306261917307936,resolved,
125:lv2019model,lv2019model,article,journal_article,scholarly,True,False,True,@article,Model predictive control based robust scheduling of community integrated energy system with operational flexibility,"Lv, Chaoxian and Yu, Hao and Li, Peng and Wang, Chengshan and Xu, Xiandong and Li, Shuquan and Wu, Jianzhong",2019,Applied energy,Elsevier,,,not_checked,,,,10.1016/j.apenergy.2019.03.205,10.1016/j.apenergy.2019.03.205,found_high_confidence,Crossref search,1.0,1.0,0,True,1.0,journal-article,True,https://linkinghub.elsevier.com/retrieve/pii/S0306261919306257,resolved,
126:bunning2023increasing,bunning2023increasing,article,journal_article,scholarly,True,False,True,@article,Increasing electrical reserve provision in districts by exploiting energy flexibility of buildings with robust model predictive control,"Bunning, Felix and Heer, Philipp and Smith, Roy S and Lygeros, John",2023,Advances in Applied Energy,Elsevier,,,not_checked,,,,10.1016/j.buildenv.2016.05.009,,candidate_manual_review,Crossref search,0.3956,0.3577,7,True,0.32,journal-article,True,,,
127:li2021learning,li2021learning,article,journal_article,scholarly,True,False,True,@article,Learning-based predictive control via real-time aggregate flexibility,"Li, Tongxin and Sun, Bo and Chen, Yue and Ye, Zixin and Low, Steven H and Wierman, Adam",2021,IEEE Transactions on Smart Grid,IEEE,,,not_checked,,,,10.1109/tsg.2021.3094719,10.1109/tsg.2021.3094719,found_high_confidence,Crossref search,1.0,1.0,0,True,1.0,journal-article,True,https://ieeexplore.ieee.org/document/9474464/,resolved,
128:amadeh2023building,amadeh2023building,article,journal_article,scholarly,True,False,True,@article,Building cluster demand flexibility: An innovative characterization framework and applications at the planning and operational levels,"Amadeh, Ali and Lee, Zachary E and Zhang, K Max",2023,Energy Conversion and Management,Elsevier,,,not_checked,,,,10.1016/j.enconman.2023.116884,10.1016/j.enconman.2023.116884,found_high_confidence,Crossref search,1.0,1.0,0,True,1.0,journal-article,True,https://linkinghub.elsevier.com/retrieve/pii/S0196890423002303,resolved,
129:tang2022model,tang2022model,article,journal_article,scholarly,True,False,True,@article,A model-based predictive dispatch strategy for unlocking and optimizing the building energy flexibilities of multiple resources in electricity markets of multiple services,"Tang, Hong and Wang, Shengwei",2022,Applied Energy,Elsevier,,,not_checked,,,,10.1016/j.apenergy.2021.117889,10.1016/j.apenergy.2021.117889,found_high_confidence,Crossref search,1.0,1.0,0,True,1.0,journal-article,True,https://linkinghub.elsevier.com/retrieve/pii/S0306261921012058,resolved,
130:srithapon2023predictive,srithapon2023predictive,article,journal_article,scholarly,True,False,True,@article,"Predictive control and coordination for energy community flexibility with electric vehicles, heat pumps and thermal energy storage","Srithapon, Chitchai and M nsson, Daniel",2023,Applied Energy,Elsevier,,,not_checked,,,,10.1016/j.apenergy.2023.121500,10.1016/j.apenergy.2023.121500,found_high_confidence,Crossref search,1.0,1.0,0,True,1.0,journal-article,True,https://linkinghub.elsevier.com/retrieve/pii/S0306261923008644,resolved,
131:dong2018occupancy,dong2018occupancy,article,journal_article,scholarly,True,False,True,@article,Occupancy-based buildings-to-grid integration framework for smart and connected communities,"Dong, Bing and Li, Zhaoxuan and Taha, Ahmad and Gatsis, Nikolaos",2018,Applied energy,Elsevier,,,not_checked,,,,10.1016/j.apenergy.2018.03.007,10.1016/j.apenergy.2018.03.007,found_high_confidence,Crossref search,1.0,1.0,0,True,1.0,journal-article,True,https://linkinghub.elsevier.com/retrieve/pii/S0306261918303362,resolved,
132:niu2020implementation,niu2020implementation,article,journal_article,scholarly,True,False,True,@article,Implementation of a price-driven demand response in a distributed energy system with multi-energy flexibility measures,"Niu, Jide and Tian, Zhe and Zhu, Jie and Yue, Lu",2020,Energy Conversion and Management,Elsevier,,,not_checked,,,,10.1016/j.enconman.2020.112575,10.1016/j.enconman.2020.112575,found_high_confidence,Crossref search,1.0,1.0,0,True,1.0,journal-article,True,https://linkinghub.elsevier.com/retrieve/pii/S0196890420301126,resolved,
133:hao2014aggregate,hao2014aggregate,article,journal_article,scholarly,True,False,True,@article,Aggregate flexibility of thermostatically controlled loads,"Hao, He and Sanandaji, Borhan M and Poolla, Kameshwar and Vincent, Tyrone L",2014,IEEE Transactions on Power Systems,IEEE,,,not_checked,,,,10.1109/tpwrs.2014.2328865,10.1109/tpwrs.2014.2328865,found_high_confidence,Crossref search,0.972,1.0,1,True,1.0,journal-article,True,https://ieeexplore.ieee.org/document/6832599/,resolved,
134:cordova2023aggregate,cordova2023aggregate,article,journal_article,scholarly,True,False,True,@article,Aggregate modeling of thermostatically controlled loads for microgrid energy management systems,"Cordova, Samuel and Ca\ nizares, Claudio A and Lorca, Alvaro and Olivares, Daniel E",2023,IEEE Transactions on Smart Grid,IEEE,,,not_checked,,,,10.1109/tsg.2022.3170871,,candidate_manual_review,Crossref search,0.6114,0.4848,1,True,1.0,journal-article,True,,,
135:deng2023efficient,deng2023efficient,article,journal_article,scholarly,True,False,True,@article,An efficient energy management framework for residential communities based on demand pattern clustering,"Deng, Youjun and Luo, Fengji and Zhang, Yongxi and Mu, Yunfei",2023,Applied Energy,Elsevier,,,not_checked,,,,10.1016/j.apenergy.2023.121408,10.1016/j.apenergy.2023.121408,found_high_confidence,Crossref search,1.0,1.0,0,True,1.0,journal-article,True,https://linkinghub.elsevier.com/retrieve/pii/S0306261923007729,resolved,
136:dai2023multi,dai2023multi,article,journal_article,scholarly,True,False,True,@article,Multi-agent based distributed cooperative control of air-conditioning systems for building fast demand response,"Dai, Mingkun and Li, Hangxin and Wang, Shengwei",2023,Journal of Building Engineering,Elsevier,,,not_checked,,,,10.1016/j.jobe.2023.107463,10.1016/j.jobe.2023.107463,found_high_confidence,Crossref search,1.0,1.0,0,True,1.0,journal-article,True,https://linkinghub.elsevier.com/retrieve/pii/S2352710223016431,resolved,
137:huang2020coordinated,huang2020coordinated,article,journal_article,scholarly,True,False,True,@article,"A coordinated control to improve performance for a building cluster with energy storage, electric vehicles, and energy sharing considered","Huang, Pei and Lovati, Marco and Zhang, Xingxing and Bales, Chris",2020,Applied energy,Elsevier,,,not_checked,,,,10.1016/j.apenergy.2020.114983,10.1016/j.apenergy.2020.114983,found_high_confidence,Crossref search,1.0,1.0,0,True,1.0,journal-article,True,https://linkinghub.elsevier.com/retrieve/pii/S0306261920304955,resolved,
138:nan2018optimal,nan2018optimal,article,journal_article,scholarly,True,False,True,@article,Optimal residential community demand response scheduling in smart grid,"Nan, Sibo and Zhou, Ming and Li, Gengyin",2018,Applied Energy,Elsevier,,,not_checked,,,,10.1016/j.apenergy.2017.06.066,10.1016/j.apenergy.2017.06.066,found_high_confidence,Crossref search,1.0,1.0,0,True,1.0,journal-article,True,https://linkinghub.elsevier.com/retrieve/pii/S030626191730819X,resolved,
139:belloni2023neural,belloni2023neural,article,journal_article,scholarly,True,False,True,@article,Neural-assisted HVACs optimal scheduling for renewable energy communities,"Belloni, Elisa and Grasso, Francesco and Lozito, Gabriele Maria and Poli, Davide and Fulginei, Francesco Riganti and Talluri, Giacomo",2023,Energy and Buildings,Elsevier,,,not_checked,,,,10.2139/ssrn.4409763,,candidate_manual_review,Crossref search,1.0,1.0,0,True,0.0,posted-content,False,,,
140:wang2022data,wang2022data,article,journal_article,scholarly,True,False,True,@article,Data-driven energy management in residential areas leveraging demand response,"Wang, Peng and Ma, Zhongjing and Shao, Mingdi and Zhao, Junbo and Srinivasan, Dipti and Zou, Suli and Wang, Gang",2022,Energy and Buildings,Elsevier,,,not_checked,,,,10.1016/j.enbuild.2022.112235,10.1016/j.enbuild.2022.112235,found_high_confidence,Crossref search,1.0,1.0,0,True,1.0,journal-article,True,https://linkinghub.elsevier.com/retrieve/pii/S0378778822004066,resolved,
141:zhang2023multi,zhang2023multi,article,journal_article,scholarly,True,False,True,@article,A multi-agent system based coordinated multi-objective optimal load scheduling strategy using marginal emission factors for building cluster demand response,"Zhang, Hanbei and Xiao, Fu and Zhang, Chong and Li, Rongling",2023,Energy and Buildings,Elsevier,,,not_checked,,,,10.1016/j.enbuild.2022.112765,10.1016/j.enbuild.2022.112765,found_high_confidence,Crossref search,1.0,1.0,0,True,1.0,journal-article,True,https://linkinghub.elsevier.com/retrieve/pii/S0378778822009367,resolved,
142:afroz2023energy,afroz2023energy,article,journal_article,scholarly,True,False,True,@article,Energy flexibility of commercial buildings for demand response applications in Australia,"Afroz, Zakia and Goldsworthy, Mark and White, Stephen D",2023,Energy and Buildings,Elsevier,,,not_checked,,,,10.2139/ssrn.4453119,,candidate_manual_review,Crossref search,1.0,1.0,0,True,0.0,posted-content,False,,,
143:piano2022energy,piano2022energy,article,journal_article,scholarly,True,False,True,@article,"Energy demand and its temporal flexibility: Approaches, criticalities and ways forward","Piano, S Lo and Smith, ST",2022,Renewable and Sustainable Energy Reviews,Elsevier,,,not_checked,,,,10.1016/j.rser.2022.112249,,candidate_manual_review,Crossref search,0.89,1.0,0,False,1.0,journal-article,True,,,
144:xie2023multi,xie2023multi,article,journal_article,scholarly,True,False,True,@article,Multi-agent attention-based deep reinforcement learning for demand response in grid-responsive buildings,"Xie, Jiahan and Ajagekar, Akshay and You, Fengqi",2023,Applied Energy,Elsevier,,,not_checked,,,,10.1016/j.apenergy.2023.121162,10.1016/j.apenergy.2023.121162,found_high_confidence,Crossref search,1.0,1.0,0,True,1.0,journal-article,True,https://linkinghub.elsevier.com/retrieve/pii/S0306261923005263,resolved,
145:catrini2025energy,catrini2025energy,article,journal_article,scholarly,True,False,True,@article,Energy flexibility assessment of commercial buildings in cooling season based on advanced modeling of rooftop units,"Catrini, Pietro and La Villetta, Maurizio and Piacentino, Antonio",2025,Applied Thermal Engineering,Elsevier,,,not_checked,,,,10.1016/j.applthermaleng.2025.127511,10.1016/j.applthermaleng.2025.127511,found_high_confidence,Crossref search,1.0,1.0,0,True,1.0,journal-article,True,https://linkinghub.elsevier.com/retrieve/pii/S1359431125021039,resolved,
146:xu2020multi,xu2020multi,article,journal_article,scholarly,True,False,True,@article,A multi-agent reinforcement learning-based data-driven method for home energy management,"Xu, Xu and Jia, Youwei and Xu, Yan and Xu, Zhao and Chai, Songjian and Lai, Chun Sing",2020,IEEE Transactions on Smart Grid,IEEE,,,not_checked,,,,10.1109/tsg.2020.2971427,10.1109/tsg.2020.2971427,found_high_confidence,Crossref search,1.0,1.0,0,True,1.0,journal-article,True,https://ieeexplore.ieee.org/document/8981876/,resolved,
147:ma2016multi,ma2016multi,article,journal_article,scholarly,True,False,True,@article,Multi-party energy management for smart building cluster with PV systems using automatic demand response,"Ma, Li and Liu, Nian and Wang, Lingfeng and Zhang, Jianhua and Lei, Jinyong and Zeng, Zheng and Wang, Cheng and Cheng, Minyang",2016,Energy and Buildings,Elsevier,,,not_checked,,,,10.1016/j.enbuild.2016.03.072,10.1016/j.enbuild.2016.03.072,found_high_confidence,Crossref search,1.0,1.0,0,True,1.0,journal-article,True,https://linkinghub.elsevier.com/retrieve/pii/S0378778816302286,resolved,
148:gholizadeh2021fair,gholizadeh2021fair,article,journal_article,scholarly,True,False,True,@article,Fair-optimal bilevel transactive energy management for community of microgrids,"Gholizadeh, Nastaran and Abedi, Mehrdad and Nafisi, Hamed and Marzband, Mousa and Loni, Abdolah and Putrus, Ghanim A",2021,IEEE Systems Journal,IEEE,,,not_checked,,,,10.1109/jsyst.2021.3066423,10.1109/jsyst.2021.3066423,found_high_confidence,Crossref search,0.972,1.0,1,True,1.0,journal-article,True,https://ieeexplore.ieee.org/document/9395615/,resolved,
149:hou2024optimized,hou2024optimized,article,journal_article,scholarly,True,False,True,@article,Optimized scheduling of smart community energy systems considering demand response and shared energy storage,"Hou, Langbo and Tong, Xi and Chen, Heng and Fan, Lanxin and Liu, Tao and Liu, Wenyi and Liu, Tong",2024,Energy,Elsevier,,,not_checked,,,,10.1016/j.energy.2024.131066,10.1016/j.energy.2024.131066,found_high_confidence,Crossref search,1.0,1.0,0,True,1.0,journal-article,True,https://linkinghub.elsevier.com/retrieve/pii/S0360544224008387,resolved,
150:jafari2016distributed,jafari2016distributed,article,journal_article,scholarly,True,False,True,@article,A distributed decision framework for building clusters with different heterogeneity settings,"Jafari-Marandi, Ruholla and Hu, Mengqi and Omitaomu, OluFemi A",2016,Applied Energy,Elsevier,,,not_checked,,,,10.1016/j.apenergy.2015.12.088,10.1016/j.apenergy.2015.12.088,found_high_confidence,Crossref search,1.0,1.0,0,True,1.0,journal-article,True,https://linkinghub.elsevier.com/retrieve/pii/S030626191501661X,resolved,
151:zhong2020distributed,zhong2020distributed,article,journal_article,scholarly,True,False,True,@article,Distributed demand response for multienergy residential communities with incomplete information,"Zhong, Weifeng and Xie, Kan and Liu, Yi and Yang, Chao and Xie, Shengli and Zhang, Yan",2020,IEEE Transactions on Industrial Informatics,IEEE,,,not_checked,,,,10.1109/tii.2020.2973008,10.1109/tii.2020.2973008,found_high_confidence,Crossref search,0.972,1.0,1,True,1.0,journal-article,True,https://ieeexplore.ieee.org/document/8989989/,resolved,
152:fan2023demand,fan2023demand,article,journal_article,scholarly,True,False,True,@article,Demand response scheduling algorithm for smart residential communities considering heterogeneous energy consumption,"Fan, XM and Li, XH and Ding, YM and He, J and Zhao, M",2023,Energy and Buildings,Elsevier,,,not_checked,,,,10.1016/j.enbuild.2022.112691,10.1016/j.enbuild.2022.112691,found_high_confidence,Crossref search,1.0,1.0,0,True,1.0,journal-article,True,https://linkinghub.elsevier.com/retrieve/pii/S0378778822008623,resolved,
153:cai2020agent,cai2020agent,article,journal_article,scholarly,True,False,True,@article,Agent-based distributed demand response in district heating systems,"Cai, Hanmin and You, Shi and Wu, Jianzhong",2020,Applied Energy,Elsevier,,,not_checked,,,,10.1016/j.apenergy.2019.114403,10.1016/j.apenergy.2019.114403,found_high_confidence,Crossref search,1.0,1.0,0,True,1.0,journal-article,True,https://linkinghub.elsevier.com/retrieve/pii/S0306261919320902,resolved,
154:vand2021optimal,vand2021optimal,article,journal_article,scholarly,True,False,True,@article,Optimal management of energy sharing in a community of buildings using a model predictive control,"Vand, Behrang and Ruusu, Reino and Hasan, Ala and Delgado, Benjamin Manrique",2021,Energy Conversion and Management,Elsevier,,,not_checked,,,,10.1016/j.enconman.2021.114178,10.1016/j.enconman.2021.114178,found_high_confidence,Crossref search,1.0,1.0,0,True,1.0,journal-article,True,https://linkinghub.elsevier.com/retrieve/pii/S019689042100354X,resolved,
155:petrucci2023development,petrucci2023development,article,journal_article,scholarly,True,False,True,@article,Development of energy aggregators for virtual communities: The energy efficiency-flexibility nexus for demand response,"Petrucci, Andrea and Ayevide, Follivi Kloutse and Buonomano, Annamaria and Athienitis, Andreas",2023,Renewable Energy,Elsevier,,,not_checked,,,,10.1016/j.renene.2023.118975,10.1016/j.renene.2023.118975,found_high_confidence,Crossref search,1.0,1.0,0,True,1.0,journal-article,True,https://linkinghub.elsevier.com/retrieve/pii/S0960148123008819,resolved,
156:ghilardi2021co,ghilardi2021co,article,journal_article,scholarly,True,False,True,@article,"Co-optimization of multi-energy system operation, district heating/cooling network and thermal comfort management for buildings","Ghilardi, Lavinia Marina Paola and Castelli, Alessandro Francesco and Moretti, Luca and Morini, Mirko and Martelli, Emanuele",2021,Applied Energy,Elsevier,,,not_checked,,,,10.1016/j.apenergy.2021.117480,10.1016/j.apenergy.2021.117480,found_high_confidence,Crossref search,1.0,1.0,0,True,1.0,journal-article,True,https://linkinghub.elsevier.com/retrieve/pii/S0306261921008680,resolved,
157:liu2022bi,liu2022bi,article,journal_article,scholarly,True,False,True,@article,Bi-level dispatch and control strategy based on model predictive control for community integrated energy system considering dynamic response performance,"Liu, Chunming and Wang, Chunling and Yin, Yujun and Yang, Peihong and Jiang, Hui",2022,Applied Energy,Elsevier,,,not_checked,,,,10.1016/j.apenergy.2022.118641,10.1016/j.apenergy.2022.118641,found_high_confidence,Crossref search,1.0,1.0,0,True,1.0,journal-article,True,https://linkinghub.elsevier.com/retrieve/pii/S0306261922001106,resolved,
158:coccia2021artificial,coccia2021artificial,article,journal_article,scholarly,True,False,True,@article,Artificial-neural-network-based model predictive control to exploit energy flexibility in multi-energy systems comprising district cooling,"Coccia, Gianluca and Mugnini, Alice and Polonara, Fabio and Arteconi, Alessia",2021,Energy,Elsevier,,,not_checked,,,,10.1016/j.energy.2021.119958,10.1016/j.energy.2021.119958,found_high_confidence,Crossref search,1.0,1.0,0,True,1.0,journal-article,True,https://linkinghub.elsevier.com/retrieve/pii/S0360544221002073,resolved,
159:wilczynski2023assessment,wilczynski2023assessment,article,journal_article,scholarly,True,False,True,@article,Assessment of the thermal energy flexibility of residential buildings with heat pumps under various electric tariff designs,"Wilczynski, Eric John and Chambers, Jonathan and Patel, Martin K and Worrell, Ernst and Pezzutto, Simon",2023,Energy and Buildings,Elsevier,,,not_checked,,,,10.1016/j.enbuild.2023.113257,10.1016/j.enbuild.2023.113257,found_high_confidence,Crossref search,1.0,1.0,0,True,1.0,journal-article,True,https://linkinghub.elsevier.com/retrieve/pii/S0378778823004875,resolved,
160:rigaux2025proof,rigaux2025proof,article,journal_article,scholarly,True,False,True,@article,The proof of the pudding is in the heating: A field experiment on household engagement with heat pump flexibility,"Rigaux, Baptiste and Hamels, Sam and Ovaere, Marten",2025,Energy Economics,Elsevier,,,not_checked,,,,10.1016/j.eneco.2025.108565,10.1016/j.eneco.2025.108565,found_high_confidence,Crossref search,1.0,1.0,0,True,1.0,journal-article,True,https://linkinghub.elsevier.com/retrieve/pii/S0140988325003895,resolved,
161:gibbons2022analysing,gibbons2022analysing,article,journal_article,scholarly,True,False,True,@article,Analysing the Economic Viability of Implicit Demand Response Control of Thermal Energy Storage in Hot Water Tanks,"Gibbons, Laurence and Javed, Saqib",2022,Energies,MDPI,,,not_checked,,,,10.3390/en15249314,10.3390/en15249314,found_high_confidence,Crossref search,1.0,1.0,0,True,1.0,journal-article,True,https://www.mdpi.com/1996-1073/15/24/9314,resolved,
162:zhang2021techno,zhang2021techno,article,journal_article,scholarly,True,False,True,@article,Techno-economic assessment of thermal energy storage technologies for demand-side management in low-temperature individual heating systems,"Zhang, Yichi and Johansson, Par and Kalagasidis, Angela Sasic",2021,Energy,Elsevier,,,not_checked,,,,10.1016/j.energy.2021.121496,10.1016/j.energy.2021.121496,found_high_confidence,Crossref search,1.0,1.0,0,True,1.0,journal-article,True,https://linkinghub.elsevier.com/retrieve/pii/S0360544221017448,resolved,
163:fambri2023flexibility,fambri2023flexibility,article,journal_article,scholarly,True,False,True,@article,The flexibility of virtual energy storage based on the thermal inertia of buildings in renewable energy communities: A techno-economic analysis and comparison with the electric battery solution,"Fambri, Gabriele and Marocco, Paolo and Badami, Marco and Tsagkrasoulis, Dimosthenis",2023,Journal of Energy Storage,Elsevier,,,not_checked,,,,10.1016/j.est.2023.109083,10.1016/j.est.2023.109083,found_high_confidence,Crossref search,1.0,1.0,0,True,1.0,journal-article,True,https://linkinghub.elsevier.com/retrieve/pii/S2352152X23024817,resolved,
164:fiedler2022techno,fiedler2022techno,article,journal_article,scholarly,True,False,True,@article,Techno-economic analysis of grid-connected PV battery solutions for holiday homes in Sweden,"Fiedler, Frank and Matas, Joaquin Coll",2022,Energies,MDPI,,,not_checked,,,,10.3390/en15082838,10.3390/en15082838,found_high_confidence,Crossref search,1.0,1.0,0,True,1.0,journal-article,True,https://www.mdpi.com/1996-1073/15/8/2838,resolved,
165:forero2022profitability,forero2022profitability,article,journal_article,scholarly,True,False,True,@article,Profitability analysis on demand-side flexibility: A review,"Forero-Quintero, Jose-Fernando and Villafafila-Robles, Roberto and Barja-Martinez, Sara and Munne-Collado, Ingrid and Olivella-Rosell, Pol and Montesinos-Miracle, Daniel",2022,Renewable and Sustainable Energy Reviews,Elsevier,,,not_checked,,,,10.1016/j.rser.2022.112906,10.1016/j.rser.2022.112906,found_high_confidence,Crossref search,1.0,1.0,0,True,1.0,journal-article,True,https://linkinghub.elsevier.com/retrieve/pii/S1364032122007882,resolved,
166:good2019transactive,good2019transactive,article,journal_article,scholarly,True,False,True,@article,A transactive energy modelling and assessment framework for demand response business cases in smart distributed multi-energy systems,"Good, Nicholas and Cese\ na, Eduardo A Mart\' nez and Heltorp, Christopher and Mancarella, Pierluigi",2019,Energy,Elsevier,,,not_checked,,,,10.1016/j.energy.2018.02.089,10.1016/j.energy.2018.02.089,found_high_confidence,Crossref search,1.0,1.0,0,True,1.0,journal-article,True,https://linkinghub.elsevier.com/retrieve/pii/S0360544218303177,resolved,
167:wang2020integrated,wang2020integrated,article,journal_article,scholarly,True,False,True,@article,"Integrated techno-economic modeling, flexibility analysis, and business case assessment of an urban virtual power plant with multi-market co-optimization","Wang, Han and Riaz, Shariq and Mancarella, Pierluigi",2020,Applied Energy,Elsevier,,,not_checked,,,,10.1016/j.apenergy.2019.114142,10.1016/j.apenergy.2019.114142,found_high_confidence,Crossref search,1.0,1.0,0,True,1.0,journal-article,True,https://linkinghub.elsevier.com/retrieve/pii/S030626191931829X,resolved,
168:mcgarry2024electrified,mcgarry2024electrified,article,journal_article,scholarly,True,False,True,@article,"Electrified heat and transport: Energy demand futures, their impacts on power networks and what it means for system flexibility","McGarry, Connor and Dixon, James and Flower, Jack and Bukhsh, Waqquas and Brand, Christian and Bell, Keith and Galloway, Stuart",2024,Applied Energy,Elsevier,,,not_checked,,,,10.1016/j.apenergy.2024.122836,10.1016/j.apenergy.2024.122836,found_high_confidence,Crossref search,1.0,1.0,0,True,1.0,journal-article,True,https://linkinghub.elsevier.com/retrieve/pii/S0306261924002198,resolved,
169:maask2025exploring,maask2025exploring,article,journal_article,scholarly,True,False,True,@article,"Exploring the Landscape of End User Energy Flexibility: A Systematic Review of Technologies, Challenges, and Opportunities","Maask, Vahur and Agabus, Hannes and Tiismus, Hans and Astapov, Victor and Ahmadiahangar, Roya and Kor\ otko, Tarmo and Rosin, Argo",2025,IEEE Access,IEEE,,,not_checked,,,,10.1109/access.2025.3599989,10.1109/access.2025.3599989,found_high_confidence,Crossref search,1.0,1.0,0,True,1.0,journal-article,True,https://ieeexplore.ieee.org/document/11129056/,resolved,
170:poudineh2014distributed,poudineh2014distributed,article,journal_article,scholarly,True,False,True,@article,"Distributed generation, storage, demand response and energy efficiency as alternatives to grid capacity enhancement","Poudineh, Rahmatallah and Jamasb, Tooraj",2014,Energy policy,Elsevier,,,not_checked,,,,10.1016/j.enpol.2013.11.073,10.1016/j.enpol.2013.11.073,found_high_confidence,Crossref search,1.0,1.0,0,True,1.0,journal-article,True,https://linkinghub.elsevier.com/retrieve/pii/S0301421513012032,resolved,
171:eltohamy2026enhancing,eltohamy2026enhancing,article,journal_article,scholarly,True,False,True,@article,"Enhancing Electric Grid Flexibility for the Integration of Variable Renewable Energy: Challenges, Innovations, and Future Directions","Eltohamy, M Saber and Aldawsari, Muhayya S and Raouf, Amir and Youssef, Hossam and Ahmed, Ijaz and Alsenani, Theyab R and Kim, Yun-Su and Ahmed, MMR",2026,IEEE Access,IEEE,,,not_checked,,,,10.1109/access.2026.3660837,10.1109/access.2026.3660837,found_high_confidence,Crossref search,1.0,1.0,0,True,1.0,journal-article,True,https://ieeexplore.ieee.org/document/11370851/,resolved,
172:noorollahi2025low,noorollahi2025low,article,journal_article,scholarly,True,False,True,@article,Low carbon solar-based sustainable energy system planning for residential buildings,"Noorollahi, Younes and Zahedi, Rahim and Ahmadi, Esmaeil and Khaledi, Arian",2025,Renewable and Sustainable Energy Reviews,Elsevier,,,not_checked,,,,10.1016/j.rser.2024.114942,10.1016/j.rser.2024.114942,found_high_confidence,Crossref search,1.0,1.0,0,True,1.0,journal-article,True,https://linkinghub.elsevier.com/retrieve/pii/S1364032124006683,resolved,
173:pantovs2025enhancing,pantovs2025enhancing,article,journal_article,scholarly,True,False,True,@article,Enhancing power system reliability through demand flexibility of Grid-Interactive Efficient Buildings: A thermal model-based optimization approach,"Pantos, Milos and Lukas, Lucija",2025,Applied Energy,Elsevier,,,not_checked,,,,10.1093/humrep/deaf097.1009,,candidate_manual_review,Crossref search,0.2841,0.2523,0,False,0.25,journal-article,True,,,
174:yu2024hierarchical,yu2024hierarchical,article,journal_article,scholarly,True,False,True,@article,A hierarchical framework for aggregating grid-interactive buildings with thermal and battery energy storage,"Yu, Min Gyung and Ma, Xu and Wu, Di",2024,Journal of Energy Storage,Elsevier,,,not_checked,,,,10.2139/ssrn.4766782,,candidate_manual_review,Crossref search,1.0,1.0,0,True,0.0,posted-content,False,,,
175:han2023home,han2023home,article,journal_article,scholarly,True,False,True,@article,"Home energy management systems: A review of the concept, architecture, and scheduling strategies","Han, Binghui and Zahraoui, Younes and Mubin, Marizan and Mekhilef, Saad and Seyedmahmoudian, Mehdi and Stojcevski, Alex",2023,Ieee Access,IEEE,,,not_checked,,,,10.1109/access.2023.3248502,10.1109/access.2023.3248502,found_high_confidence,Crossref search,1.0,1.0,0,True,1.0,journal-article,True,https://ieeexplore.ieee.org/document/10050860/,resolved,
176:nebey2024recent,nebey2024recent,article,journal_article,scholarly,True,False,True,@article,Recent advancement in demand side energy management system for optimal energy utilization,"Nebey, Abraham Hizkiel",2024,Energy Reports,Elsevier,,,not_checked,,,,10.1016/j.egyr.2024.05.028,10.1016/j.egyr.2024.05.028,found_high_confidence,Crossref search,1.0,1.0,0,True,1.0,journal-article,True,https://linkinghub.elsevier.com/retrieve/pii/S2352484724003093,resolved,
177:ranaboldo2024comprehensive,ranaboldo2024comprehensive,article,journal_article,scholarly,True,False,True,@article,A comprehensive overview of industrial demand response status in Europe,"Ranaboldo, Matteo and Aragues-Pe\ nalba, Monica and Arica, Emrah and Bade, Alexander and Bullich-Massague, Eduard and Burgio, Alessandro and Caccamo, Chiara and Caprara, Adriano and Cimmino, Domenico and Domenech, Bruno and others",2024,Renewable and Sustainable Energy Reviews,Elsevier,,,not_checked,,,,10.1016/j.rser.2024.114797,10.1016/j.rser.2024.114797,found_high_confidence,Crossref search,1.0,1.0,0,True,1.0,journal-article,True,https://linkinghub.elsevier.com/retrieve/pii/S1364032124005239,resolved,
178:manso2025optimising,manso2025optimising,article,journal_article,scholarly,True,False,True,@article,Optimising flexibility in highly electrified energy communities: A Mediterranean perspective,"Manso-Burgos, Alvaro and Ribo-Perez, D and Aparisi-Cerda, Isabel and Gomez-Navarro, Tomas and Madani, Hatef",2025,Applied Energy,Elsevier,,,not_checked,,,,10.1016/j.apenergy.2025.126172,10.1016/j.apenergy.2025.126172,found_high_confidence,Crossref search,1.0,1.0,0,True,1.0,journal-article,True,https://linkinghub.elsevier.com/retrieve/pii/S030626192500902X,resolved,
179:leprince2023can,leprince2023can,article,journal_article,scholarly,True,False,True,@article,Can occupant behaviors affect urban energy planning? Distributed stochastic optimization for energy communities,"Leprince, Julien and Schledorn, Amos and Guericke, Daniela and Dominkovic, Dominik Franjo and Madsen, Henrik and Zeiler, Wim",2023,Applied Energy,Elsevier,,,not_checked,,,,10.1016/j.apenergy.2023.121589,10.1016/j.apenergy.2023.121589,found_high_confidence,Crossref search,1.0,1.0,0,True,1.0,journal-article,True,https://linkinghub.elsevier.com/retrieve/pii/S0306261923009534,resolved,
180:van2025pv,van2025pv,article,journal_article,scholarly,True,False,True,@article,"PV for what? A PV self-sufficiency analysis of electric vehicles, heat pumps, and home storage","van der Kam, Mart and Pena-Bello, Alejandro and Parra, David",2025,Energy,Elsevier,,,not_checked,,,,10.1016/j.energy.2025.137774,10.1016/j.energy.2025.137774,found_high_confidence,Crossref search,1.0,1.0,0,True,1.0,journal-article,True,https://linkinghub.elsevier.com/retrieve/pii/S0360544225034164,resolved,
181:dawes2025energy,dawes2025energy,article,journal_article,scholarly,True,False,True,@article,Energy flexibility at multi-building scales: A review of the dominant factors and their uncertainties,"Dawes, George and Kirant-Mitic, Tugcin and Jiang, Zixin and Le Dreau, Jerome and Cai, Hanmin and Cui, Jiyuan and Townsend, Jordan and Bampoulas, Adamantios and Li, Rongling and Lopes, Rui Amaral and others",2025,Energy and Buildings,Elsevier,,,not_checked,,,,10.1016/j.enbuild.2025.116157,10.1016/j.enbuild.2025.116157,found_high_confidence,Crossref search,1.0,1.0,0,True,1.0,journal-article,True,https://linkinghub.elsevier.com/retrieve/pii/S0378778825008874,resolved,
182:scrocca2026local,scrocca2026local,article,journal_article,scholarly,True,False,True,@article,"Local flexibility markets in Europe: A critical review of market designs, operational maturity and stakeholder perspectives","Scrocca, Andrea and Dacco, Edoardo and Andreotti, Diego and Rancilio, Giuliano and Bovera, Filippo and Falabretti, Davide and Delfanti, Maurizio",2026,Renewable and Sustainable Energy Reviews,Elsevier,,,not_checked,,,,10.1016/j.rser.2025.116434,10.1016/j.rser.2025.116434,found_high_confidence,Crossref search,1.0,1.0,0,True,1.0,journal-article,True,https://linkinghub.elsevier.com/retrieve/pii/S1364032125011074,resolved,
183:few2023over,few2023over,article,journal_article,scholarly,True,False,True,@article,The over-prediction of energy use by EPCs in Great Britain: A comparison of EPC-modelled and metered primary energy use intensity,"Few, Jessica and Manouseli, Despina and McKenna, Eoghan and Pullinger, Martin and Zapata-Webborn, Ellen and Elam, Simon and Shipworth, David and Oreszczyn, Tadj",2023,Energy and Buildings,Elsevier,,,not_checked,,,,10.1016/j.enbuild.2023.113024,,candidate_manual_review,Crossref search,1.0,1.0,0,True,1.0,journal-article,True,,,
184:li2023data,li2023data,article,journal_article,scholarly,True,False,True,@article,Data-driven key performance indicators and datasets for building energy flexibility: A review and perspectives,"Li, Han and Johra, Hicham and de Andrade Pereira, Flavia and Hong, Tianzhen and Le Dreau, Jerome and Maturo, Anthony and Wei, Mingjun and Liu, Yapan and Saberi-Derakhtenjani, Ali and Nagy, Zoltan and others",2023,Applied Energy,Elsevier,,,not_checked,,,,10.1016/j.apenergy.2023.121217,10.1016/j.apenergy.2023.121217,found_high_confidence,Crossref search,1.0,1.0,0,True,1.0,journal-article,True,https://linkinghub.elsevier.com/retrieve/pii/S0306261923005810,resolved,
185:li2022ten,li2022ten,article,journal_article,scholarly,True,False,True,@article,Ten questions concerning energy flexibility in buildings,"Li, Rongling and Satchwell, Andrew J and Finn, Donal and Christensen, Toke Haunstrup and Kummert, Michael and Le Dreau, Jerome and Lopes, Rui Amaral and Madsen, Henrik and Salom, Jaume and Henze, Gregor and others",2022,Building and Environment,Elsevier,,,not_checked,,,,10.1016/j.buildenv.2022.109461,10.1016/j.buildenv.2022.109461,found_high_confidence,Crossref search,1.0,1.0,0,True,1.0,journal-article,True,https://linkinghub.elsevier.com/retrieve/pii/S0360132322006928,resolved,
186:reynders2018energy,reynders2018energy,article,journal_article,scholarly,True,False,True,@article,Energy flexible buildings: An evaluation of definitions and quantification methodologies applied to thermal storage,"Reynders, Glenn and Lopes, Rui Amaral and Marszal-Pomianowska, Anna and Aelenei, Daniel and Martins, Joao and Saelens, Dirk",2018,Energy and Buildings,Elsevier,,,not_checked,,,,10.1016/j.enbuild.2018.02.040,10.1016/j.enbuild.2018.02.040,found_high_confidence,Crossref search,1.0,1.0,0,True,1.0,journal-article,True,https://linkinghub.elsevier.com/retrieve/pii/S037877881732947X,resolved,
187:zhao2017geometric,zhao2017geometric,article,journal_article,scholarly,True,False,True,@article,A geometric approach to aggregate flexibility modeling of thermostatically controlled loads,"Zhao, Lin and Zhang, Wei and Hao, He and Kalsi, Karanjit",2017,IEEE Transactions on Power Systems,IEEE,,,not_checked,,,,10.1109/tpwrs.2017.2674699,10.1109/tpwrs.2017.2674699,found_high_confidence,Crossref search,1.0,1.0,0,True,1.0,journal-article,True,https://ieeexplore.ieee.org/document/7864461/,resolved,
188:zhang2024aggregation,zhang2024aggregation,article,journal_article,scholarly,True,False,True,@article,Aggregation of building predictive energy flexibility in smart microgrid,"Zhang, Zhigang and Gueguen, Herve",2024,International Journal of Electrical Power & Energy Systems,Elsevier,,,not_checked,,,,10.1016/j.ijepes.2024.110073,10.1016/j.ijepes.2024.110073,found_high_confidence,Crossref search,1.0,1.0,0,True,1.0,journal-article,True,https://linkinghub.elsevier.com/retrieve/pii/S0142061524002941,resolved,
189:langer2020optimal,langer2020optimal,article,journal_article,scholarly,True,False,True,@article,An optimal home energy management system for modulating heat pumps and photovoltaic systems,"Langer, Lissy and Volling, Thomas",2020,Applied Energy,Elsevier,,,not_checked,,,,10.1016/j.apenergy.2020.115661,10.1016/j.apenergy.2020.115661,found_high_confidence,Crossref search,1.0,1.0,0,True,1.0,journal-article,True,https://linkinghub.elsevier.com/retrieve/pii/S0306261920311570,resolved,
190:taha2017buildings,taha2017buildings,article,journal_article,scholarly,True,False,True,@article,Buildings-to-grid integration framework,"Taha, Ahmad F and Gatsis, Nikolaos and Dong, Bing and Pipri, Ankur and Li, Zhaoxuan",2017,IEEE Transactions on Smart Grid,IEEE,,,not_checked,,,,10.1109/tsg.2017.2761861,,candidate_manual_review,Crossref search,0.92,1.0,2,True,1.0,journal-article,True,,,
191:d2019mapping,d2019mapping,article,journal_article,scholarly,True,False,True,@article,"Mapping the energy flexibility potential of single buildings equipped with optimally-controlled heat pump, gas boilers and thermal storage","D’Ettorre, Francesco and De Rosa, Mattia and Conti, Paolo and Testi, Daniele and Finn, Donal",2019,Sustainable Cities and Society,Elsevier,,,not_checked,,,,,,not_found,,0.0,0.0,,False,0.0,,False,,,
192:jafarinejad2025impact,jafarinejad2025impact,article,journal_article,scholarly,True,False,True,@article,Impact of district building features on energy flexibility: MPC-driven demand response across multiple time scales,"Jafarinejad, Tohid and Erfani, Arash and Saelens, Dirk",2025,Energy and Buildings,Elsevier,,,not_checked,,,,10.1016/j.enbuild.2025.116626,10.1016/j.enbuild.2025.116626,found_high_confidence,Crossref search,0.972,1.0,1,True,1.0,journal-article,True,https://linkinghub.elsevier.com/retrieve/pii/S0378778825013568,resolved,
193:dorahaki2025flexibility,dorahaki2025flexibility,article,journal_article,scholarly,True,False,True,@article,A flexibility-oriented model for a sustainable local multi-carrier energy community: A hybrid multi-objective probabilistic-IGDT optimization approach,"Dorahaki, Sobhan and MollahassaniPour, Mojgan and Rashidinejad, Masoud and Siano, Pierluigi and Shafie-khah, Miadreza",2025,Applied Energy,Elsevier,,,not_checked,,,,10.1016/j.apenergy.2024.124678,10.1016/j.apenergy.2024.124678,found_high_confidence,Crossref search,1.0,1.0,0,True,1.0,journal-article,True,https://linkinghub.elsevier.com/retrieve/pii/S0306261924020610,resolved,
194:selim2025optimization,selim2025optimization,article,journal_article,scholarly,True,False,True,@article,Optimization framework for multi-vector energy communities with uncertainty-aware energy management,"Selim, Alaa and Mo, Huadong and Pota, Hemanshu",2025,Applied Energy,Elsevier,,,not_checked,,,,10.1016/j.apenergy.2025.126145,10.1016/j.apenergy.2025.126145,found_high_confidence,Crossref search,1.0,1.0,0,True,1.0,journal-article,True,https://linkinghub.elsevier.com/retrieve/pii/S030626192500875X,resolved,
195:haklay2008openstreetmap,haklay2008openstreetmap,article,journal_article,scholarly,True,False,True,@article,Openstreetmap: User-generated street maps,"Haklay, Mordechai and Weber, Patrick",2008,IEEE Pervasive computing,Ieee,,,not_checked,,,,10.1109/mprv.2008.80,10.1109/mprv.2008.80,found_high_confidence,Crossref search,1.0,1.0,0,True,1.0,journal-article,True,https://ieeexplore.ieee.org/document/4653466/,resolved,
196:creque2005use,creque2005use,article,journal_article,scholarly,True,False,True,@article,Use of GIS-derived landscape-scale habitat features to explain spatial patterns of fish density in Michigan rivers,"Creque, Sara M and Rutherford, Edward S and Zorn, Troy G",2005,North American Journal of Fisheries Management,"Oxford University Press Oxford, UK",,,not_checked,,,,10.1577/m04-121.1,10.1577/m04-121.1,found_high_confidence,Crossref search,1.0,1.0,0,True,1.0,journal-article,True,,http_403,
197:mohseni2025hybrid,mohseni2025hybrid,article,journal_article,scholarly,True,False,True,@article,A hybrid Gaussian process-integrated deep learning model for retrofitted building energy optimization in smart city ecosystems,"Mohseni-Gharyehsafa, Behnam and Hussain, Shahid and Fahy, Amy and De Rosa, Mattia and Pallonetto, Fabiano",2025,Applied Energy,Elsevier,,,not_checked,,,,10.1016/j.apenergy.2025.125643,10.1016/j.apenergy.2025.125643,found_high_confidence,Crossref search,1.0,1.0,0,True,1.0,journal-article,True,https://linkinghub.elsevier.com/retrieve/pii/S0306261925003733,resolved,
198:mohseni2025energy,mohseni2025energy,article,journal_article,scholarly,True,False,True,@article,Energy flexibility and management software in building clusters: A comprehensive review,"Mohseni-Gharyehsafa, Behnam and Bampoulas, Adamantios and Finn, Donal and Pallonetto, Fabiano",2025,Next Energy,Elsevier,,,not_checked,,,,10.1016/j.nxener.2025.100250,10.1016/j.nxener.2025.100250,found_high_confidence,Crossref search,1.0,1.0,0,True,1.0,journal-article,True,https://linkinghub.elsevier.com/retrieve/pii/S2949821X25000134,resolved,
199:ramesh2025optimising,ramesh2025optimising,article,journal_article,scholarly,True,False,True,@article,"Optimising energy flexibility in Finnish residential buildings: A comparative study of PI, rule-based and model predictive control strategies","Ramesh, Rakesh and Rehman, Hassam Ur and Hasan, Ala and Eerolainen, Leena and Yin, Hang and Hamdy, Mohamed",2025,Energy and Buildings,Elsevier,,,not_checked,,,,10.1016/j.enbuild.2025.115727,10.1016/j.enbuild.2025.115727,found_high_confidence,Crossref search,1.0,1.0,0,True,1.0,journal-article,True,https://linkinghub.elsevier.com/retrieve/pii/S0378778825004578,resolved,
200:bay2022distributed,bay2022distributed,article,journal_article,scholarly,True,False,True,@article,"Distributed model predictive control for coordinated, grid-interactive buildings","Bay, Christopher J and Chintala, Rohit and Chinde, Venkatesh and King, Jennifer",2022,Applied Energy,Elsevier,,,not_checked,,,,10.1016/j.apenergy.2022.118612,10.1016/j.apenergy.2022.118612,found_high_confidence,Crossref search,1.0,1.0,0,True,1.0,journal-article,True,https://linkinghub.elsevier.com/retrieve/pii/S0306261922000861,resolved,
201:dash2016flower,dash2016flower,article,journal_article,scholarly,True,False,True,@article,Flower pollination algorithm optimized PI-PD cascade controller in automatic generation control of a multi-area power system,"Dash, Puja and Saikia, Lalit Chandra and Sinha, Nidul",2016,International Journal of Electrical Power & Energy Systems,Elsevier,,,not_checked,,,,10.1016/j.ijepes.2016.02.028,10.1016/j.ijepes.2016.02.028,found_high_confidence,Crossref search,1.0,1.0,0,True,1.0,journal-article,True,https://linkinghub.elsevier.com/retrieve/pii/S0142061516302903,resolved,
202:kabeyi2023levelized,kabeyi2023levelized,article,journal_article,scholarly,True,False,True,@article,The levelized cost of energy and modifications for use in electricity generation planning,"Kabeyi, Moses Jeremiah Barasa and Olanrewaju, Oludolapo Akanni",2023,Energy Reports,Elsevier,,,not_checked,,,,10.1016/j.egyr.2023.06.036,10.1016/j.egyr.2023.06.036,found_high_confidence,Crossref search,1.0,1.0,0,True,1.0,journal-article,True,https://linkinghub.elsevier.com/retrieve/pii/S2352484723010569,resolved,
203:wilby2014empirical,wilby2014empirical,article,journal_article,scholarly,True,False,True,@article,Empirical and dynamic primary energy factors,"Wilby, Mark Richard and Gonzalez, Ana Belen Rodr\' guez and D\' az, Juan Jose Vinagre",2014,Energy,Elsevier,,,not_checked,,,,10.1016/j.energy.2014.06.083,10.1016/j.energy.2014.06.083,found_high_confidence,Crossref search,1.0,1.0,0,True,1.0,journal-article,True,https://linkinghub.elsevier.com/retrieve/pii/S0360544214007828,resolved,
204:gaspars2019project,gaspars2019project,article,journal_article,scholarly,True,False,True,@article,Project net present value estimation under uncertainty,"Gaspars-Wieloch, Helena",2019,Central European Journal of Operations Research,Springer,,,not_checked,,,,10.1007/s10100-017-0500-0,10.1007/s10100-017-0500-0,found_high_confidence,Crossref search,1.0,1.0,0,True,1.0,journal-article,True,https://link.springer.com/article/10.1007/s10100-017-0500-0,resolved,
205:yard2000developments,yard2000developments,article,journal_article,scholarly,True,False,True,@article,Developments of the payback method,"Yard, Stefan",2000,International journal of production economics,Elsevier,,,not_checked,,,,10.1016/s0925-5273(00)00003-7,10.1016/s0925-5273(00)00003-7,found_high_confidence,Crossref search,1.0,1.0,0,True,1.0,journal-article,True,https://linkinghub.elsevier.com/retrieve/pii/S0925527300000037,resolved,
206:emblemsvaag2025rethinking,emblemsvaag2025rethinking,article,journal_article,scholarly,True,False,True,@article,Rethinking the “Levelized Cost of Energy”: A critical review and evaluation of the concept,"Emblemsv g, Jan",2025,Energy Research & Social Science,Elsevier,,,not_checked,,,,,,not_found,,0.0,0.0,,False,0.0,,False,,,
207:drgovna2020all,drgovna2020all,article,journal_article,scholarly,True,False,True,@article,All you need to know about model predictive control for buildings,"Drgona, Jan and Arroyo, Javier and Figueroa, Iago Cupeiro and Blum, David and Arendt, Krzysztof and Kim, Donghun and Olle, Enric Perarnau and Oravec, Juraj and Wetter, Michael and Vrabie, Draguna L and others",2020,Annual reviews in control,Elsevier,,,not_checked,,,,,,not_found,,0.0,0.0,,False,0.0,,False,,,
208:yuan2025flexibility,yuan2025flexibility,article,journal_article,scholarly,True,False,True,@article,"Flexibility Provision From Urban Buildings to Low-Carbon Power Systems: Quantification, Aggregation and System Integration","Yuan, Hening and Tang, Wenhu",2025,IET Energy Systems Integration,Wiley Online Library,,,not_checked,,,,10.1049/esi2.70017,10.1049/esi2.70017,found_high_confidence,Crossref search,1.0,1.0,0,True,1.0,journal-article,True,,http_403,
209:zhang2025energy,zhang2025energy,article,journal_article,scholarly,True,False,True,@article,"Energy Flexibility Realization in Grid-Interactive Buildings for Demand Response: State-of-the-Art Review on Strategies, Resources, Control, and KPIs","Zhang, Long and Huo, Meng and Zhou, Teng and Pan, Jiapeng and Xu, Yin",2025,Energies,MDPI,,,not_checked,,,,10.3390/en18184960,10.3390/en18184960,found_high_confidence,Crossref search,1.0,1.0,0,True,1.0,journal-article,True,https://www.mdpi.com/1996-1073/18/18/4960,resolved,
210:petrucci2025large,petrucci2025large,article,journal_article,scholarly,True,False,True,@article,Large-scale load profiling for energy flexibility in residential buildings: A data-driven approach for load aggregation through representative clusters,"Petrucci, Andrea and Vallianos, Charalampos and Candanedo, Jose Agust\' n and Buonomano, Annamaria and Athienitis, Andreas",2025,Energy and Buildings,Elsevier,,,not_checked,,,,10.2139/ssrn.5233704,,candidate_manual_review,Crossref search,1.0,1.0,0,True,0.0,posted-content,False,,,
211:liu2024continuous,liu2024continuous,article,journal_article,scholarly,True,False,True,@article,Continuous-time aggregation of massive flexible HVAC loads considering uncertainty for reserve provision in power system dispatch,"Liu, Jingguan and Ai, Xiaomeng and Fang, Jiakun and Cui, Shichang and Wang, Shengshi and Yao, Wei and Wen, Jinyu",2024,IEEE transactions on smart grid,IEEE,,,not_checked,,,,10.1109/tsg.2024.3398627,10.1109/tsg.2024.3398627,found_high_confidence,Crossref search,1.0,1.0,0,True,1.0,journal-article,True,https://ieeexplore.ieee.org/document/10527387/,resolved,
212:oprea2021edge,oprea2021edge,article,journal_article,scholarly,True,False,True,@article,Edge and fog computing using IoT for direct load optimization and control with flexibility services for citizen energy communities,"Oprea, Simona-Vasilica and Bara, Adela",2021,Knowledge-Based Systems,Elsevier,,,not_checked,,,,10.1016/j.knosys.2021.107293,10.1016/j.knosys.2021.107293,found_high_confidence,Crossref search,1.0,1.0,0,True,1.0,journal-article,True,https://linkinghub.elsevier.com/retrieve/pii/S0950705121005554,resolved,
213:cirone2022techno,cirone2022techno,article,journal_article,scholarly,True,False,True,@article,Techno-Economic Analysis of an Energy Community Based on PV and Electric Storage Systems in a Small Mountain Locality of South Italy: A Case Study,"Cirone, Daniela and Bruno, Roberto and Bevilacqua, Piero and Perrella, Stefania and Arcuri, Natale",2022,Sustainability,MDPI,,,not_checked,,,,10.3390/su142113877,10.3390/su142113877,found_high_confidence,Crossref search,1.0,1.0,0,True,1.0,journal-article,True,https://www.mdpi.com/2071-1050/14/21/13877,resolved,
214:yu2025modeling,yu2025modeling,article,journal_article,scholarly,True,False,True,@article,"Modeling households’ behavior, energy system operation, and interaction in the energy community","Yu, Songmin and Mascherbauer, Philipp and Haupt, Thomas and Skorna, Kevan and Rickmann, Hannah and Kochanski, Maksymilian and Kranzl, Lukas",2025,Energy,Elsevier,,,not_checked,,,,10.1016/j.energy.2025.136338,10.1016/j.energy.2025.136338,found_high_confidence,Crossref search,1.0,1.0,0,True,1.0,journal-article,True,https://linkinghub.elsevier.com/retrieve/pii/S0360544225019802,resolved,
215:costa2026unlocking,costa2026unlocking,article,journal_article,scholarly,True,False,True,@article,Unlocking flexibility value in energy communities: an assessment across multiple energy markets in Portugal,"Costa, Jo\ ao Victor and Couceiro, Diogo and Neves, Diana",2026,Energy Conversion and Management,Elsevier,,,not_checked,,,,10.1016/j.enconman.2026.121173,10.1016/j.enconman.2026.121173,found_high_confidence,Crossref search,1.0,1.0,0,True,1.0,journal-article,True,https://linkinghub.elsevier.com/retrieve/pii/S0196890426001421,resolved,
216:le2023developing,le2023developing,article,journal_article,scholarly,True,False,True,@article,Developing energy flexibility in clusters of buildings: A critical analysis of barriers from planning to operation,"Le Dreau, Jerome and Lopes, Rui Amaral and O'Connell, Sarah and Finn, Donal and Hu, Maomao and Queiroz, Humberto and Alexander, Dani and Satchwell, Andrew and Osterreicher, Doris and Polly, Ben and others",2023,Energy and Buildings,Elsevier,,,not_checked,,,,10.1016/j.enbuild.2023.113608,10.1016/j.enbuild.2023.113608,found_high_confidence,Crossref search,1.0,1.0,0,True,1.0,journal-article,True,https://linkinghub.elsevier.com/retrieve/pii/S0378778823008381,resolved,
217:bampoulas2021fundamental,bampoulas2021fundamental,article,journal_article,scholarly,True,False,True,@article,A fundamental unified framework to quantify and characterise energy flexibility of residential buildings with multiple electrical and thermal energy systems,"Bampoulas, Adamantios and Saffari, Mohammad and Pallonetto, Fabiano and Mangina, Eleni and Finn, Donal P",2021,Applied Energy,Elsevier,,,not_checked,,,,10.1016/j.apenergy.2020.116096,10.1016/j.apenergy.2020.116096,found_high_confidence,Crossref search,1.0,1.0,0,True,1.0,journal-article,True,https://linkinghub.elsevier.com/retrieve/pii/S0306261920315191,resolved,
218:bampoulas2022ensemble,bampoulas2022ensemble,article,journal_article,scholarly,True,False,True,@article,An ensemble learning-based framework for assessing the energy flexibility of residential buildings with multicomponent energy systems,"Bampoulas, Adamantios and Pallonetto, Fabiano and Mangina, Eleni and Finn, Donal P",2022,Applied Energy,Elsevier,,,not_checked,,,,10.1016/j.apenergy.2022.118947,10.1016/j.apenergy.2022.118947,found_high_confidence,Crossref search,1.0,1.0,0,True,1.0,journal-article,True,https://linkinghub.elsevier.com/retrieve/pii/S0306261922003646,resolved,
219:bouw2023new,bouw2023new,article,journal_article,scholarly,True,False,True,@article,A new approach for modelling techno-economic performance of integrated energy systems on district scale for informed decision-making in a multi-stakeholder context,"Bouw, Kathelijne and Tigchelaar, Casper and Faaij, Andre",2023,Renewable and Sustainable Energy Transition,Elsevier,,,not_checked,,,,10.1016/j.rset.2023.100045,10.1016/j.rset.2023.100045,found_high_confidence,Crossref search,1.0,1.0,0,True,1.0,journal-article,True,https://linkinghub.elsevier.com/retrieve/pii/S2667095X23000016,resolved,
220:tang2021flexibility,tang2021flexibility,article,journal_article,scholarly,True,False,True,@article,"Flexibility categorization, sources, capabilities and technologies for energy-flexible and grid-responsive buildings: State-of-the-art and future perspective","Tang, Hong and Wang, Shengwei and Li, Hangxin",2021,Energy,Elsevier,,,not_checked,,,,10.1016/j.energy.2020.119598,10.1016/j.energy.2020.119598,found_high_confidence,Crossref search,1.0,1.0,0,True,1.0,journal-article,True,https://linkinghub.elsevier.com/retrieve/pii/S0360544220327055,resolved,
221:el2020contracted,el2020contracted,article,journal_article,scholarly,True,False,True,@article,Contracted energy flexibility characteristics of communities: Analysis of a control strategy for demand response,"El Geneidy, Rami and Howard, Bianca",2020,Applied Energy,Elsevier,,,not_checked,,,,10.1016/j.apenergy.2020.114600,10.1016/j.apenergy.2020.114600,found_high_confidence,Crossref search,1.0,1.0,0,True,1.0,journal-article,True,https://linkinghub.elsevier.com/retrieve/pii/S0306261920301124,resolved,
222:lorenzi2016comparing,lorenzi2016comparing,article,journal_article,scholarly,True,False,True,@article,Comparing demand response and battery storage to optimize self-consumption in PV systems,"Lorenzi, Guido and Silva, Carlos Augusto Santos",2016,Applied energy,Elsevier,,,not_checked,,,,10.1016/j.apenergy.2016.07.103,10.1016/j.apenergy.2016.07.103,found_high_confidence,Crossref search,1.0,1.0,0,True,1.0,journal-article,True,https://linkinghub.elsevier.com/retrieve/pii/S030626191631042X,resolved,
223:lee2022novel,lee2022novel,article,journal_article,scholarly,True,False,True,@article,Novel battery degradation cost formulation for optimal scheduling of battery energy storage systems,"Lee, Jin-Oh and Kim, Yun-Su",2022,International Journal of Electrical Power & Energy Systems,Elsevier,,,not_checked,,,,10.1016/j.ijepes.2021.107795,10.1016/j.ijepes.2021.107795,found_high_confidence,Crossref search,1.0,1.0,0,True,1.0,journal-article,True,https://linkinghub.elsevier.com/retrieve/pii/S0142061521010140,resolved,
224:kathirgamanathan2021data,kathirgamanathan2021data,article,journal_article,scholarly,True,False,True,@article,Data-driven predictive control for unlocking building energy flexibility: A review,"Kathirgamanathan, Anjukan and De Rosa, Mattia and Mangina, Eleni and Finn, Donal P",2021,Renewable and Sustainable Energy Reviews,Elsevier,,,not_checked,,,,10.1016/j.rser.2020.110120,10.1016/j.rser.2020.110120,found_high_confidence,Crossref search,1.0,1.0,0,True,1.0,journal-article,True,https://linkinghub.elsevier.com/retrieve/pii/S1364032120304111,resolved,
225:cesena2018techno,cesena2018techno,article,journal_article,scholarly,True,False,True,@article,"Techno-economic and business case assessment of multi-energy microgrids with co-optimization of energy, reserve and reliability services","Cese\ na, Eduardo A Mart\' nez and Good, Nicholas and Syrri, Angeliki LA and Mancarella, Pierluigi",2018,Applied energy,Elsevier,,,not_checked,,,,10.1007/978-981-16-3852-7_14,,candidate_manual_review,Crossref search,0.3959,0.5153,4,False,0.32,book-chapter,False,,,
226:scheller2020competition,scheller2020competition,article,journal_article,scholarly,True,False,True,@article,Competition between simultaneous demand-side flexibility options: the case of community electricity storage systems,"Scheller, Fabian and Burkhardt, Robert and Schwarzeit, Robert and McKenna, Russell and Bruckner, Thomas",2020,Applied Energy,Elsevier,,,not_checked,,,,10.1016/j.apenergy.2020.114969,10.1016/j.apenergy.2020.114969,found_high_confidence,Crossref search,1.0,1.0,0,True,1.0,journal-article,True,https://linkinghub.elsevier.com/retrieve/pii/S0306261920304815,resolved,
227:terlouw2019multi,terlouw2019multi,article,journal_article,scholarly,True,False,True,@article,Multi-objective optimization of energy arbitrage in community energy storage systems using different battery technologies,"Terlouw, Tom and AlSkaif, Tarek and Bauer, Christian and Van Sark, Wilfried",2019,Applied energy,Elsevier,,,not_checked,,,,10.1016/j.apenergy.2019.01.227,10.1016/j.apenergy.2019.01.227,found_high_confidence,Crossref search,1.0,1.0,0,True,1.0,journal-article,True,https://linkinghub.elsevier.com/retrieve/pii/S0306261919302478,resolved,
228:litjens2018economic,litjens2018economic,article,journal_article,scholarly,True,False,True,@article,Economic benefits of combining self-consumption enhancement with frequency restoration reserves provision by photovoltaic-battery systems,"Litjens, Geert BMA and Worrell, Ernst and Van Sark, WGJHM",2018,Applied energy,Elsevier,,,not_checked,,,,10.1016/j.apenergy.2018.04.018,10.1016/j.apenergy.2018.04.018,found_high_confidence,Crossref search,1.0,1.0,0,True,1.0,journal-article,True,https://linkinghub.elsevier.com/retrieve/pii/S0306261918305622,resolved,
229:johannsen2023energy,johannsen2023energy,article,journal_article,scholarly,True,False,True,@article,Energy communities’ flexibility in different tax and tariff structures,"Johannsen, Rasmus Magni and Sorkn s, Peter and Sperling, Karl and stergaard, Poul Alberg",2023,Energy Conversion and Management,Elsevier,,,not_checked,,,,10.1016/j.enconman.2023.117112,10.1016/j.enconman.2023.117112,found_high_confidence,Crossref search,1.0,1.0,0,True,1.0,journal-article,True,https://linkinghub.elsevier.com/retrieve/pii/S0196890423004582,resolved,
230:biondi2006double,biondi2006double,article,journal_article,scholarly,True,False,True,@article,The double emergence of the Modified Internal Rate of Return: The neglected financial work of Duvillard (1755--1832) in a comparative perspective,"Biondi, Yuri",2006,Euro. J. History of Economic Thought,Taylor & Francis,,,not_checked,,,,10.1080/09672560600875281,10.1080/09672560600875281,found_high_confidence,Crossref search,0.974,1.0,0,True,0.764,journal-article,True,,http_403,
231:perera2019redefining,perera2019redefining,article,journal_article,scholarly,True,False,True,@article,Redefining energy system flexibility for distributed energy system design,"Perera, ATD and Nik, Vahid M and Wickramasinghe, PU and Scartezzini, Jean-Louis",2019,Applied Energy,Elsevier,,,not_checked,,,,10.1016/j.apenergy.2019.113572,10.1016/j.apenergy.2019.113572,found_high_confidence,Crossref search,1.0,1.0,0,True,1.0,journal-article,True,https://linkinghub.elsevier.com/retrieve/pii/S0306261919312462,resolved,
232:luo2022demand,luo2022demand,article,journal_article,scholarly,True,False,True,@article,"Demand flexibility of residential buildings: definitions, flexible loads, and quantification methods","Luo, Zhengyi and Peng, Jinqing and Cao, Jingyu and Yin, Rongxin and Zou, Bin and Tan, Yutong and Yan, Jinyue",2022,Engineering,Elsevier,,,not_checked,,,,10.1016/j.eng.2022.01.010,10.1016/j.eng.2022.01.010,found_high_confidence,Crossref search,1.0,1.0,0,True,1.0,journal-article,True,https://linkinghub.elsevier.com/retrieve/pii/S2095809922001436,resolved,
233:jensen2017iea,jensen2017iea,article,journal_article,scholarly,True,False,True,@article,IEA EBC annex 67 energy flexible buildings,"Jensen, S ren stergaard and Marszal-Pomianowska, Anna and Lollini, Roberto and Pasut, Wilmer and Knotzer, Armin and Engelmann, Peter and Stafford, Anne and Reynders, Glenn",2017,Energy and buildings,Elsevier,,,not_checked,,,,10.1016/j.enbuild.2017.08.044,10.1016/j.enbuild.2017.08.044,found_high_confidence,Crossref search,1.0,1.0,0,True,1.0,journal-article,True,https://linkinghub.elsevier.com/retrieve/pii/S0378778817317024,resolved,
234:bringiotti2026demand,bringiotti2026demand,article,journal_article,scholarly,True,False,True,@article,A demand-side optimisation framework for assessing energy flexibility potential of integrated energy systems in building complex,"Bringiotti, Annalisa and Pallonetto, Fabiano and De Rosa, Mattia",2026,Applied Energy,Elsevier,,,not_checked,,,,10.1016/j.apenergy.2025.127038,10.1016/j.apenergy.2025.127038,found_high_confidence,Crossref search,1.0,1.0,0,True,1.0,journal-article,True,https://linkinghub.elsevier.com/retrieve/pii/S0306261925017684,resolved,
235:zanetti2025commercial,zanetti2025commercial,article,journal_article,scholarly,True,False,True,@article,Commercial building HVAC demand flexibility with model predictive control: Field demonstration and literature insights,"Zanetti, Ettore and Blum, David and Fu, Hongxiang and Weyandt, Chris and Pritoni, Marco and Piette, Mary Ann",2025,Energy and Buildings,Elsevier,,,not_checked,,,,10.1016/j.enbuild.2025.116097,,candidate_manual_review,Crossref search,1.0,1.0,0,True,1.0,journal-article,True,,,
236:shan2024techno,shan2024techno,article,journal_article,scholarly,True,False,True,@article,Techno-economic analysis of latent heat thermal energy storage integrated heat pump for indoor heating,"Shan, Lianying and Martin, Andrew and Chiu, Justin NingWei",2024,Energy,Elsevier,,,not_checked,,,,10.1016/j.energy.2024.131291,10.1016/j.energy.2024.131291,found_high_confidence,Crossref search,1.0,1.0,0,True,1.0,journal-article,True,https://linkinghub.elsevier.com/retrieve/pii/S0360544224010648,resolved,
237:ju2023benefits,ju2023benefits,article,journal_article,scholarly,True,False,True,@article,Benefits through space heating and thermal storage with demand response control for a district-heated office building,"Ju, Yuchen and Hiltunen, Pauli and Jokisalo, Juha and Kosonen, Risto and Syri, Sanna",2023,Buildings,MDPI,,,not_checked,,,,10.3390/buildings13102670,10.3390/buildings13102670,found_high_confidence,Crossref search,1.0,1.0,0,True,1.0,journal-article,True,https://www.mdpi.com/2075-5309/13/10/2670,resolved,
238:wang2017pv,wang2017pv,inproceedings,conference_paper,scholarly,True,False,True,@inproceedings,"PV-battery community energy systems: Economic, energy independence and network deferral analysis","Wang, Han and Good, Nicholas and Mancarella, Pierluigi and Lintern, Kerry",2017,2017 14th International Conference on the European Energy Market (EEM),,,,not_checked,,,,10.1109/eem.2017.7982021,10.1109/eem.2017.7982021,found_high_confidence,Crossref search,1.0,1.0,0,True,1.0,proceedings-article,True,https://ieeexplore.ieee.org/document/7982021/,resolved,
239:srinivasan2023impact,srinivasan2023impact,article,journal_article,scholarly,True,False,True,@article,Impact of forecast uncertainty and electricity markets on the flexibility provision and economic performance of highly-decarbonized multi-energy systems,"Srinivasan, Arvind and Wu, Raphael and Heer, Philipp and Sansavini, Giovanni",2023,Applied Energy,Elsevier,,,not_checked,,,,10.1016/j.apenergy.2023.120825,10.1016/j.apenergy.2023.120825,found_high_confidence,Crossref search,1.0,1.0,0,True,1.0,journal-article,True,https://linkinghub.elsevier.com/retrieve/pii/S0306261923001897,resolved,
240:good2017flexibility,good2017flexibility,article,journal_article,scholarly,True,False,True,@article,"Flexibility in multi-energy communities with electrical and thermal storage: A stochastic, robust approach for multi-service demand response","Good, Nicholas and Mancarella, Pierluigi",2017,IEEE Transactions on Smart Grid,IEEE,,,not_checked,,,,10.1109/tsg.2017.2745559,,candidate_manual_review,Crossref search,0.92,1.0,2,True,1.0,journal-article,True,,,
241:felice2022renewable,felice2022renewable,article,journal_article,scholarly,True,False,True,@article,Renewable energy communities: Do they have a business case in Flanders?,"Felice, Alex and Rakocevic, Lucija and Peeters, Leen and Messagie, Maarten and Coosemans, Thierry and Camargo, Luis Ramirez",2022,Applied Energy,Elsevier,,,not_checked,,,,10.1016/j.apenergy.2022.119419,10.1016/j.apenergy.2022.119419,found_high_confidence,Crossref search,1.0,1.0,0,True,1.0,journal-article,True,https://linkinghub.elsevier.com/retrieve/pii/S030626192200753X,resolved,
242:gjorgievski2023energy,gjorgievski2023energy,article,journal_article,scholarly,True,False,True,@article,Energy sharing in European renewable energy communities: Impact of regulated charges,"Gjorgievski, Vladimir Z and Velkovski, Bodan and Minuto, Francesco Demetrio and Cundeva, Snezana and Markovska, Natasa",2023,Energy,Elsevier,,,not_checked,,,,10.1016/j.energy.2023.128333,10.1016/j.energy.2023.128333,found_high_confidence,Crossref search,1.0,1.0,0,True,1.0,journal-article,True,https://linkinghub.elsevier.com/retrieve/pii/S0360544223017279,resolved,
243:zhang2022techno,zhang2022techno,article,journal_article,scholarly,True,False,True,@article,Techno-economic feasibility analysis of demand response scheduling for optimum sizing and operation of a building-integrated photovoltaic energy system,"Zhang, Chen and Jiang, Shiyong and Zhang, Xiongwen",2022,International journal of energy research,Wiley Online Library,,,not_checked,,,,10.1002/er.8022,10.1002/er.8022,found_high_confidence,Crossref search,1.0,1.0,0,True,1.0,journal-article,True,,http_403,
244:abokersh2021techno,abokersh2021techno,article,journal_article,scholarly,True,False,True,@article,Techno-economic analysis of control strategies for heat pumps integrated into solar district heating systems,"Abokersh, Mohamed Hany and Valles, Manel and Saikia, Kangkana and Cabeza, Luisa F and Boer, Dieter",2021,Journal of Energy Storage,Elsevier,,,not_checked,,,,10.1016/j.est.2021.103011,10.1016/j.est.2021.103011,found_high_confidence,Crossref search,1.0,1.0,0,True,1.0,journal-article,True,https://linkinghub.elsevier.com/retrieve/pii/S2352152X21007222,resolved,
245:bara2025energy,bara2025energy,article,journal_article,scholarly,True,False,True,@article,Energy Communities’ Archetypes and Operational Scenarios Using Agents and Embedding Heating and Transportation: A. Bara et al.,"Bara, Adela and Oprea, Simona-Vasilica and Murafa, Corina",2025,Environmental Modeling & Assessment,Springer,,,not_checked,,,,10.24136/oc.3137,,candidate_manual_review,Crossref search,0.3404,0.3596,1,False,0.3333,journal-article,True,,,
246:saffari2023technical,saffari2023technical,article,journal_article,scholarly,True,False,True,@article,Technical and economic assessment of a hybrid heat pump system as an energy retrofit measure in a residential building,"Saffari, Mohammad and Keogh, David and De Rosa, Mattia and Finn, Donal P",2023,Energy and Buildings,Elsevier,,,not_checked,,,,10.1016/j.enbuild.2023.113256,10.1016/j.enbuild.2023.113256,found_high_confidence,Crossref search,1.0,1.0,0,True,1.0,journal-article,True,https://linkinghub.elsevier.com/retrieve/pii/S0378778823004863,resolved,
247:ji2022optimizing,ji2022optimizing,article,journal_article,scholarly,True,False,True,@article,Optimizing design and performance assessment of a community-scale hybrid power system with distributed renewable energy and flexible demand response,"Ji, Ling and Wu, Yuxuan and Liu, Yao and Sun, Lijian and Xie, Yulei and Huang, Guohe",2022,Sustainable Cities and Society,Elsevier,,,not_checked,,,,10.1016/j.scs.2022.104042,10.1016/j.scs.2022.104042,found_high_confidence,Crossref search,1.0,1.0,0,True,1.0,journal-article,True,https://linkinghub.elsevier.com/retrieve/pii/S2210670722003614,resolved,
248:migliari2024techno,migliari2024techno,article,journal_article,scholarly,True,False,True,@article,Techno-economic assessment and grid impact of Thermally-Integrated Pumped Thermal Energy Storage (TI-PTES) systems coupled with photovoltaic plants for small-scale applications,"Migliari, Luca and Petrollese, Mario and Cau, Giorgio and Cocco, Daniele",2024,Journal of Energy Storage,Elsevier,,,not_checked,,,,10.1016/j.est.2023.109898,10.1016/j.est.2023.109898,found_high_confidence,Crossref search,1.0,1.0,0,True,1.0,journal-article,True,https://linkinghub.elsevier.com/retrieve/pii/S2352152X23032978,resolved,
249:you2024leveraging,you2024leveraging,article,journal_article,scholarly,True,False,True,@article,Leveraging flexibility of residential heat pumps through local energy markets,"You, Zhengjie and Lumpp, Sebastian Dirk and Doepfert, Markus and Tzscheutschler, Peter and Goebel, Christoph",2024,Applied Energy,Elsevier,,,not_checked,,,,10.1016/j.apenergy.2023.122269,10.1016/j.apenergy.2023.122269,found_high_confidence,Crossref search,1.0,1.0,0,True,1.0,journal-article,True,https://linkinghub.elsevier.com/retrieve/pii/S0306261923016331,resolved,
250:agbonaye2020value,agbonaye2020value,article,journal_article,scholarly,True,False,True,@article,Value of demand flexibility for providing ancillary services: A case for social housing in the Irish DS3 market,"Agbonaye, Osaru and Keatley, Patrick and Huang, Ye and Bani-Mustafa, Motasem and Ademulegun, Oluwasola O and Hewitt, Neil",2020,Utilities policy,Elsevier,,,not_checked,,,,10.1016/j.jup.2020.101130,10.1016/j.jup.2020.101130,found_high_confidence,Crossref search,1.0,1.0,0,True,1.0,journal-article,True,https://linkinghub.elsevier.com/retrieve/pii/S0957178720301247,resolved,
251:terreros2020electricity,terreros2020electricity,article,journal_article,scholarly,True,False,True,@article,Electricity market options for heat pumps in rural district heating networks in Austria,"Terreros, Olatz and Spreitzhofer, Johanna and Basciotti, Daniele and Schmidt, Ralf-Roman and Esterl, Tara and Pober, M and Kerschbaumer, M and Ziegler, M",2020,Energy,Elsevier,,,not_checked,,,,10.1016/j.energy.2019.116875,10.1016/j.energy.2019.116875,found_high_confidence,Crossref search,1.0,1.0,0,True,1.0,journal-article,True,https://linkinghub.elsevier.com/retrieve/pii/S0360544219325708,resolved,
252:yang2024techno,yang2024techno,article,journal_article,scholarly,True,False,True,@article,Techno-economic optimization and feasibility of PCM-based seasonal thermal energy storage systems for district heating and cooling,"Yang, Tao and Worlitschek, Jorg and Fiorentini, Massimo",2024,Energy and Buildings,Elsevier,,,not_checked,,,,10.2139/ssrn.4926201,,candidate_manual_review,Crossref search,1.0,1.0,0,True,0.0,posted-content,False,,,
253:wang2025techno,wang2025techno,article,journal_article,scholarly,True,False,True,@article,Techno-economic performance analysis and optimization of two household air source heat pump coupled systems,"Wang, Yaru and Zhong, Heng and Ma, Zewei and Liu, Yongxin and Ni, Long",2025,Energy and Buildings,Elsevier,,,not_checked,,,,10.1016/j.enbuild.2025.116826,10.1016/j.enbuild.2025.116826,found_high_confidence,Crossref search,0.972,1.0,1,True,1.0,journal-article,True,https://linkinghub.elsevier.com/retrieve/pii/S0378778825015567,resolved,
254:sultan2023techno,sultan2023techno,article,journal_article,scholarly,True,False,True,@article,Techno-economic assessment of residential heat pump integrated with thermal energy storage,"Sultan, Sara and Hirschey, Jason and Kumar, Navin and Cui, Borui and Liu, Xiaobing and LaClair, Tim J and Gluesenkamp, Kyle R",2023,Energies,MDPI,,,not_checked,,,,10.3390/en16104087,10.3390/en16104087,found_high_confidence,Crossref search,1.0,1.0,0,True,1.0,journal-article,True,https://www.mdpi.com/1996-1073/16/10/4087,resolved,
255:SAFFARI2023113256,SAFFARI2023113256,article,journal_article,scholarly,True,False,True,@article,Technical and economic assessment of a hybrid heat pump system as an energy retrofit measure in a residential building,Mohammad Saffari and David Keogh and Mattia De Rosa and Donal P. Finn,2023,Energy and Buildings,,https://www.sciencedirect.com/science/article/pii/S0378778823004863,sciencedirect.com,not_checked,,,10.1016/j.enbuild.2023.113256,,10.1016/j.enbuild.2023.113256,verified_existing,Crossref,1.0,1.0,0,True,1.0,journal-article,True,https://linkinghub.elsevier.com/retrieve/pii/S0378778823004863,resolved,
256:carutasiu2024assessing,carutasiu2024assessing,article,journal_article,scholarly,True,False,True,@article,Assessing the impact of air-source heat pumps in a residential building’s retrofit process,"Carutasiu, Mihail-Bogdan and Necula, Horia",2024,Buildings,MDPI,,,not_checked,,,,10.3390/buildings14123708,10.3390/buildings14123708,found_high_confidence,Crossref search,1.0,1.0,0,True,1.0,journal-article,True,https://www.mdpi.com/2075-5309/14/12/3708,resolved,
257:resch2026managing,resch2026managing,article,journal_article,scholarly,True,False,True,@article,Managing residential demand response in district heating systems: A review of coordination strategies,"Resch, Oliver and Semmelmann, Leo and Weinhardt, Christof",2026,Energy Reports,Elsevier,,,not_checked,,,,10.1016/j.egyr.2026.109148,10.1016/j.egyr.2026.109148,found_high_confidence,Crossref search,1.0,1.0,0,True,1.0,journal-article,True,https://linkinghub.elsevier.com/retrieve/pii/S2352484726001174,resolved,
258:wu2017hierarchical,wu2017hierarchical,article,journal_article,scholarly,True,False,True,@article,Hierarchical control framework for integrated coordination between distributed energy resources and demand response,"Wu, Di and Lian, Jianming and Sun, Yannan and Yang, Tao and Hansen, Jacob",2017,Electric Power Systems Research,Elsevier,,,not_checked,,,,10.1016/j.epsr.2017.05.002,10.1016/j.epsr.2017.05.002,found_high_confidence,Crossref search,1.0,1.0,0,True,1.0,journal-article,True,https://linkinghub.elsevier.com/retrieve/pii/S0378779617301888,resolved,
259:vandermeulen2018controlling,vandermeulen2018controlling,article,journal_article,scholarly,True,False,True,@article,Controlling district heating and cooling networks to unlock flexibility: A review,"Vandermeulen, Annelies and van der Heijde, Bram and Helsen, Lieve",2018,Energy,Elsevier,,,not_checked,,,,10.1016/j.energy.2018.03.034,10.1016/j.energy.2018.03.034,found_high_confidence,Crossref search,1.0,1.0,0,True,1.0,journal-article,True,https://linkinghub.elsevier.com/retrieve/pii/S0360544218304328,resolved,
260:farrokhifar2021model,farrokhifar2021model,article,journal_article,scholarly,True,False,True,@article,Model predictive control for demand side management in buildings: A survey,"Farrokhifar, Meisam and Bahmani, Hamidreza and Faridpak, Behdad and Safari, Amin and Pozo, David and Aiello, Marco",2021,Sustainable Cities and Society,Elsevier,,,not_checked,,,,10.1016/j.scs.2021.103381,10.1016/j.scs.2021.103381,found_high_confidence,Crossref search,1.0,1.0,0,True,1.0,journal-article,True,https://linkinghub.elsevier.com/retrieve/pii/S2210670721006545,resolved,
261:yu2025coordinated,yu2025coordinated,article,journal_article,scholarly,True,False,True,@article,Coordinated operation optimization of grid-interactive residential buildings based on neural network-assisted hierarchical model predictive control,"Yu, Liang and Chen, Zhiqiang and Yue, Dong and Ye, Yujian and Strbac, Goran and Wang, Yi",2025,IEEE Transactions on Automation Science and Engineering,IEEE,,,not_checked,,,,10.1109/tase.2025.3551649,10.1109/tase.2025.3551649,found_high_confidence,Crossref search,1.0,1.0,0,True,1.0,journal-article,True,https://ieeexplore.ieee.org/document/10926929/,resolved,
262:vavsak2021modular,vavsak2021modular,article,journal_article,scholarly,True,False,True,@article,Modular hierarchical model predictive control for coordinated and holistic energy management of buildings,"Vasak, Mario and Banjac, Anita and Hure, Nikola and Novak, Hrvoje and Marusic, Danko and Lesic, Vinko",2021,IEEE Transactions on Energy Conversion,IEEE,,,not_checked,,,,10.1109/tec.2021.3116153,10.1109/tec.2021.3116153,found_high_confidence,Crossref search,1.0,1.0,0,True,1.0,journal-article,True,https://ieeexplore.ieee.org/document/9551720/,resolved,
263:lesage2020dynamic,lesage2020dynamic,article,journal_article,scholarly,True,False,True,@article,Dynamic and distributed online convex optimization for demand response of commercial buildings,"Lesage-Landry, Antoine and Callaway, Duncan S",2020,IEEE Control Systems Letters,IEEE,,,not_checked,,,,10.1109/lcsys.2020.2989110,10.1109/lcsys.2020.2989110,found_high_confidence,Crossref search,1.0,1.0,0,True,1.0,journal-article,True,https://ieeexplore.ieee.org/document/9075284/,resolved,
264:alizadeh2023energy,alizadeh2023energy,article,journal_article,scholarly,True,False,True,@article,Energy management in microgrids using transactive energy control concept under high penetration of renewables; a survey and case study,"Alizadeh, Ali and Kamwa, Innocent and Moeini, Ali and Mohseni-Bonab, Seyed Masoud",2023,Renewable and Sustainable Energy Reviews,Elsevier,,,not_checked,,,,10.1016/j.rser.2023.113161,10.1016/j.rser.2023.113161,found_high_confidence,Crossref search,1.0,1.0,0,True,1.0,journal-article,True,https://linkinghub.elsevier.com/retrieve/pii/S1364032123000175,resolved,
265:etedadi2024hierarchical,etedadi2024hierarchical,article,journal_article,scholarly,True,False,True,@article,Hierarchical transactive home energy management system groups coordination through multi-level consensus sharing-based distributed ADMM,"Etedadi, Farshad and Kelouwani, Sousso and Agbossou, Kodjo and Henao, Nilson and Laurencelle, Francois and Hosseini, Sayed Saeed",2024,"Sustainable Energy, Grids and Networks",Elsevier,,,not_checked,,,,10.1016/j.segan.2024.101460,10.1016/j.segan.2024.101460,found_high_confidence,Crossref search,1.0,1.0,0,True,1.0,journal-article,True,https://linkinghub.elsevier.com/retrieve/pii/S2352467724001899,resolved,
266:pei2025multi,pei2025multi,article,journal_article,scholarly,True,False,True,@article,Multi-agent hierarchical deep reinforcement learning for HVAC control with flexible DERs,"Pei, Yansong and Yao, Yiyun and Zhao, Junbo and Hao, Jun and Ding, Fei and Wang, Jiyu",2025,IEEE Transactions on Smart Grid,IEEE,,,not_checked,,,,10.1109/tsg.2025.3598082,10.1109/tsg.2025.3598082,found_high_confidence,Crossref search,1.0,1.0,0,True,1.0,journal-article,True,https://ieeexplore.ieee.org/document/11123597/,resolved,
267:zheng2025optimizing,zheng2025optimizing,article,journal_article,scholarly,True,False,True,@article,"Optimizing building energy systems for grid-interactivity, comfort and resilience","Zheng, Wanfu and Hu, Ziqi and Wang, Dan and Wang, Zhe",2025,Energy Conversion and Management,Elsevier,,,not_checked,,,,10.1016/j.enconman.2025.119927,10.1016/j.enconman.2025.119927,found_high_confidence,Crossref search,1.0,1.0,0,True,1.0,journal-article,True,https://linkinghub.elsevier.com/retrieve/pii/S0196890425004510,resolved,
268:toderean2025demand,toderean2025demand,article,journal_article,scholarly,True,False,True,@article,Demand response optimization for smart grid integrated buildings: Review of technology enablers landscape and innovation challenges,"Toderean, Liana and Cioara, Tudor and Anghel, Ionut and Sarmas, Elissaios and Michalakopoulos, Vasilis and Marinakis, Vangelis",2025,Energy and Buildings,Elsevier,,,not_checked,,,,10.1016/j.enbuild.2024.115067,10.1016/j.enbuild.2024.115067,found_high_confidence,Crossref search,1.0,1.0,0,True,1.0,journal-article,True,https://linkinghub.elsevier.com/retrieve/pii/S0378778824011836,resolved,
269:huang2025transactive,huang2025transactive,article,journal_article,scholarly,True,False,True,@article,Transactive control for grid-interactive efficient commercial buildings,"Huang, Sen and Lian, Jianming and Katipamula, Srinivas and Lutes, Robert",2025,Applied Energy,Elsevier,,,not_checked,,,,10.1016/j.apenergy.2024.124675,10.1016/j.apenergy.2024.124675,found_high_confidence,Crossref search,1.0,1.0,0,True,1.0,journal-article,True,https://linkinghub.elsevier.com/retrieve/pii/S0306261924020580,resolved,
270:paridari2020flexibility,paridari2020flexibility,article,journal_article,scholarly,True,False,True,@article,"Flexibility prediction, scheduling and control of aggregated TCLs","Paridari, Kaveh and Nordstrom, Lars",2020,Electric Power Systems Research,Elsevier,,,not_checked,,,,10.1016/j.epsr.2019.106004,10.1016/j.epsr.2019.106004,found_high_confidence,Crossref search,1.0,1.0,0,True,1.0,journal-article,True,https://linkinghub.elsevier.com/retrieve/pii/S0378779619303232,resolved,
271:chen2020learning,chen2020learning,inproceedings,conference_paper,scholarly,True,False,True,@inproceedings,Learning a distributed control scheme for demand flexibility in thermostatically controlled loads,"Chen, Bingqing and Yao, Weiran and Francis, Jonathan and Berges, Mario",2020,"2020 IEEE International Conference on Communications, Control, and Computing Technologies for Smart Grids (SmartGridComm)",,,,not_checked,,,,10.1109/smartgridcomm47815.2020.9302954,10.1109/smartgridcomm47815.2020.9302954,found_high_confidence,Crossref search,1.0,1.0,0,True,1.0,proceedings-article,True,https://ieeexplore.ieee.org/document/9302954/,resolved,
272:adhikari2018algorithm,adhikari2018algorithm,article,journal_article,scholarly,True,False,True,@article,An algorithm for optimal management of aggregated HVAC power demand using smart thermostats,"Adhikari, Rajendra and Pipattanasomporn, M and Rahman, S",2018,Applied Energy,Elsevier,,,not_checked,,,,10.1016/j.apenergy.2018.02.085,10.1016/j.apenergy.2018.02.085,found_high_confidence,Crossref search,1.0,1.0,0,True,1.0,journal-article,True,https://linkinghub.elsevier.com/retrieve/pii/S0306261918302101,resolved,
273:lin2019grouping,lin2019grouping,article,journal_article,scholarly,True,False,True,@article,Grouping control strategy for aggregated thermostatically controlled loads,"Lin, Shunfu and Liu, Danfeng and Hu, Fei and Li, Fangxing and Dong, Wei and Li, Dongdong and Fu, Yang",2019,Electric Power Systems Research,Elsevier,,,not_checked,,,,10.1016/j.epsr.2019.02.005,10.1016/j.epsr.2019.02.005,found_high_confidence,Crossref search,1.0,1.0,0,True,1.0,journal-article,True,https://linkinghub.elsevier.com/retrieve/pii/S0378779619300616,resolved,
274:ruelens2016residential,ruelens2016residential,article,journal_article,scholarly,True,False,True,@article,Residential demand response of thermostatically controlled loads using batch reinforcement learning,"Ruelens, Frederik and Claessens, Bert J and Vandael, Stijn and De Schutter, Bart and Babuska, Robert and Belmans, Ronnie",2016,IEEE Transactions on Smart Grid,IEEE,,,not_checked,,,,10.1109/tsg.2016.2517211,10.1109/tsg.2016.2517211,found_high_confidence,Crossref search,0.972,1.0,1,True,1.0,journal-article,True,https://ieeexplore.ieee.org/document/7401112/,resolved,
275:behboodi2018transactive,behboodi2018transactive,article,journal_article,scholarly,True,False,True,@article,Transactive control of fast-acting demand response based on thermostatic loads in real-time retail electricity markets,"Behboodi, Sahand and Chassin, David P and Djilali, Ned and Crawford, Curran",2018,Applied Energy,Elsevier,,,not_checked,,,,10.1016/j.apenergy.2017.07.058,10.1016/j.apenergy.2017.07.058,found_high_confidence,Crossref search,1.0,1.0,0,True,1.0,journal-article,True,https://linkinghub.elsevier.com/retrieve/pii/S0306261917309315,resolved,
276:hao2016transactive,hao2016transactive,article,journal_article,scholarly,True,False,True,@article,Transactive control of commercial buildings for demand response,"Hao, He and Corbin, Charles D and Kalsi, Karanjit and Pratt, Robert G",2016,IEEE Transactions on Power Systems,IEEE,,,not_checked,,,,10.1109/tpwrs.2016.2559485,10.1109/tpwrs.2016.2559485,found_high_confidence,Crossref search,0.972,1.0,1,True,1.0,journal-article,True,https://ieeexplore.ieee.org/document/7460977/,resolved,
277:yoon2014dynamic,yoon2014dynamic,article,journal_article,scholarly,True,False,True,@article,Dynamic demand response controller based on real-time retail price for residential buildings,"Yoon, Ji Hoon and Baldick, Ross and Novoselac, Atila",2014,IEEE Transactions on Smart Grid,IEEE,,,not_checked,,,,10.1109/tsg.2013.2264970,10.1109/tsg.2013.2264970,found_high_confidence,Crossref search,1.0,1.0,0,True,1.0,journal-article,True,https://ieeexplore.ieee.org/document/6693775/,resolved,
278:lin2015experimental,lin2015experimental,article,journal_article,scholarly,True,False,True,@article,Experimental evaluation of frequency regulation from commercial building HVAC systems,"Lin, Yashen and Barooah, Prabir and Meyn, Sean and Middelkoop, Timothy",2015,IEEE Transactions on Smart Grid,IEEE,,,not_checked,,,,10.1109/tsg.2014.2381596,10.1109/tsg.2014.2381596,found_high_confidence,Crossref search,1.0,1.0,0,True,1.0,journal-article,True,https://ieeexplore.ieee.org/document/7001102/,resolved,
279:beil2016frequency,beil2016frequency,article,journal_article,scholarly,True,False,True,@article,Frequency regulation from commercial building HVAC demand response,"Beil, Ian and Hiskens, Ian and Backhaus, Scott",2016,Proceedings of the IEEE,IEEE,,,not_checked,,,,10.1109/jproc.2016.2520640,10.1109/jproc.2016.2520640,found_high_confidence,Crossref search,1.0,1.0,0,True,1.0,journal-article,True,https://ieeexplore.ieee.org/document/7407597/,resolved,
280:callaway2009tapping,callaway2009tapping,article,journal_article,scholarly,True,False,True,@article,"Tapping the energy storage potential in electric loads to deliver load following and regulation, with application to wind energy","Callaway, Duncan S",2009,Energy Conversion and management,Elsevier,,,not_checked,,,,10.1016/j.enconman.2008.12.012,10.1016/j.enconman.2008.12.012,found_high_confidence,Crossref search,1.0,1.0,0,True,1.0,journal-article,True,https://linkinghub.elsevier.com/retrieve/pii/S0196890408004780,resolved,
281:gasca2022flexibility,gasca2022flexibility,article,journal_article,scholarly,True,False,True,@article,Flexibility quantification of thermostatically controlled loads for demand response applications,"Gasca, Mar\' a Victoria and Iba\ nez, Federico and Pozo, David",2022,Electric Power Systems Research,Elsevier,,,not_checked,,,,10.1016/j.epsr.2021.107592,10.1016/j.epsr.2021.107592,found_high_confidence,Crossref search,1.0,1.0,0,True,1.0,journal-article,True,https://linkinghub.elsevier.com/retrieve/pii/S0378779621005733,resolved,
282:vedullapalli2019combined,vedullapalli2019combined,article,journal_article,scholarly,True,False,True,@article,Combined HVAC and battery scheduling for demand response in a building,"Vedullapalli, Divya Tejaswini and Hadidi, Ramtin and Schroeder, Bill",2019,IEEE Transactions on Industry Applications,IEEE,,,not_checked,,,,10.1109/tia.2019.2938481,10.1109/tia.2019.2938481,found_high_confidence,Crossref search,1.0,1.0,0,True,1.0,journal-article,True,https://ieeexplore.ieee.org/document/8820077/,resolved,
283:lin2016ancillary,lin2016ancillary,article,journal_article,scholarly,True,False,True,@article,Ancillary services through demand scheduling and control of commercial buildings,"Lin, Yashen and Barooah, Prabir and Mathieu, Johanna L",2016,IEEE Transactions on Power Systems,IEEE,,,not_checked,,,,10.1109/tpwrs.2016.2557764,10.1109/tpwrs.2016.2557764,found_high_confidence,Crossref search,0.972,1.0,1,True,1.0,journal-article,True,https://ieeexplore.ieee.org/document/7458167/,resolved,
284:mansy2020optimal,mansy2020optimal,article,journal_article,scholarly,True,False,True,@article,Optimal HVAC control for demand response via chance-constrained two-stage stochastic program,"Mansy, Hanan and Kwon, Soongeol",2020,IEEE Transactions on Smart Grid,IEEE,,,not_checked,,,,10.1109/tsg.2020.3037668,10.1109/tsg.2020.3037668,found_high_confidence,Crossref search,0.972,1.0,1,True,1.0,journal-article,True,https://ieeexplore.ieee.org/document/9257412/,resolved,
285:herre2023provision,herre2023provision,article,journal_article,scholarly,True,False,True,@article,Provision of multiple services with controllable loads as multi-area thermal energy storage,"Herre, Lars and Nourozi, Behrouz and Hesamzadeh, Mohammad Reza and Wang, Qian and Soder, Lennart",2023,Journal of Energy Storage,Elsevier,,,not_checked,,,,10.1016/j.est.2023.107062,10.1016/j.est.2023.107062,found_high_confidence,Crossref search,1.0,1.0,0,True,1.0,journal-article,True,https://linkinghub.elsevier.com/retrieve/pii/S2352152X23004590,resolved,
286:hosseini2022robust,hosseini2022robust,inproceedings,conference_paper,scholarly,True,False,True,@inproceedings,Robust Optimal Demand Response of Energy-efficient Commercial Buildings,"Hosseini, Seyed Mohsen and Carli, Raffaele and Dotoli, Mariagrazia",2022,2022 European Control Conference (ECC),,,,not_checked,,,,10.23919/ecc55457.2022.9837962,10.23919/ecc55457.2022.9837962,found_high_confidence,Crossref search,1.0,1.0,0,True,1.0,proceedings-article,True,https://ieeexplore.ieee.org/document/9837962/,resolved,
287:finck2019economic,finck2019economic,article,journal_article,scholarly,True,False,True,@article,Economic model predictive control for demand flexibility of a residential building,"Finck, Christian and Li, Rongling and Zeiler, Wim",2019,Energy,Elsevier,,,not_checked,,,,10.1016/j.energy.2019.03.171,10.1016/j.energy.2019.03.171,found_high_confidence,Crossref search,1.0,1.0,0,True,1.0,journal-article,True,https://linkinghub.elsevier.com/retrieve/pii/S0360544219305912,resolved,
288:wang2025cooling,wang2025cooling,article,journal_article,scholarly,True,False,True,@article,Cooling demand response-based collaborative optimization on the supply and demand side of district cooling system under extreme heat,"Wang, Tianci and He, Junjie and Li, Yajun",2025,Sustainable Cities and Society,Elsevier,,,not_checked,,,,10.1016/j.scs.2025.106550,10.1016/j.scs.2025.106550,found_high_confidence,Crossref search,1.0,1.0,0,True,1.0,journal-article,True,https://linkinghub.elsevier.com/retrieve/pii/S221067072500424X,resolved,
289:yin2016quantifying,yin2016quantifying,article,journal_article,scholarly,True,False,True,@article,Quantifying flexibility of commercial and residential loads for demand response using setpoint changes,"Yin, Rongxin and Kara, Emre C and Li, Yaping and DeForest, Nicholas and Wang, Ke and Yong, Taiyou and Stadler, Michael",2016,Applied Energy,Elsevier,,,not_checked,,,,10.1016/j.apenergy.2016.05.090,10.1016/j.apenergy.2016.05.090,found_high_confidence,Crossref search,1.0,1.0,0,True,1.0,journal-article,True,https://linkinghub.elsevier.com/retrieve/pii/S0306261916306870,resolved,
290:triolo2023estimating,triolo2023estimating,article,journal_article,scholarly,True,False,True,@article,Estimating cooling demand flexibility in a district energy system using temperature set point changes from selected buildings,"Triolo, Ryan C and Rajagopal, Ram and Wolak, Frank A and de Chalendar, Jacques A",2023,Applied Energy,Elsevier,,,not_checked,,,,10.1016/j.apenergy.2023.120816,10.1016/j.apenergy.2023.120816,found_high_confidence,Crossref search,1.0,1.0,0,True,1.0,journal-article,True,https://linkinghub.elsevier.com/retrieve/pii/S0306261923001800,resolved,
291:morovat2024heuristic,morovat2024heuristic,article,journal_article,scholarly,True,False,True,@article,Heuristic model predictive control implementation to activate energy flexibility in a fully electric school building,"Morovat, Navid and Athienitis, Andreas K and Candanedo, Jose Agust\' n and Nouanegue, Herve Frank",2024,Energy,Elsevier,,,not_checked,,,,10.1016/j.energy.2024.131126,10.1016/j.energy.2024.131126,found_high_confidence,Crossref search,1.0,1.0,0,True,1.0,journal-article,True,https://linkinghub.elsevier.com/retrieve/pii/S0360544224008995,resolved,
292:xu2024district,xu2024district,article,journal_article,scholarly,True,False,True,@article,"District multi-energy systems: A comprehensive review of configurations, technologies, and performances","Xu, Yingqing and Leonforte, Fabrizio and Del Pero, Claudio",2024,Building and Environment,Elsevier,,,not_checked,,,,10.1016/j.buildenv.2024.111318,10.1016/j.buildenv.2024.111318,found_high_confidence,Crossref search,1.0,1.0,0,True,1.0,journal-article,True,https://linkinghub.elsevier.com/retrieve/pii/S0360132324001604,resolved,
293:riedl2026framework,riedl2026framework,article,journal_article,scholarly,True,False,True,@article,A framework for flexibility assessment of district heating and cooling systems,"Riedl, Leopold and Zwickl-Bernhard, Sebastian and Kranzl, Lukas and Kauko, Hanne and Schifflechner, Christopher",2026,Applied Energy,Elsevier,,,not_checked,,,,10.1016/j.apenergy.2026.127973,10.1016/j.apenergy.2026.127973,found_high_confidence,Crossref search,1.0,1.0,0,True,1.0,journal-article,True,https://linkinghub.elsevier.com/retrieve/pii/S0306261926006252,resolved,
294:reynders2017generic,reynders2017generic,article,journal_article,scholarly,True,False,True,@article,Generic characterization method for energy flexibility: Applied to structural thermal storage in residential buildings,"Reynders, Glenn and Diriken, Jan and Saelens, Dirk",2017,Applied energy,Elsevier,,,not_checked,,,,10.1016/j.apenergy.2017.04.061,10.1016/j.apenergy.2017.04.061,found_high_confidence,Crossref search,1.0,1.0,0,True,1.0,journal-article,True,https://linkinghub.elsevier.com/retrieve/pii/S0306261917304555,resolved,
295:kathirgamanathan2020towards,kathirgamanathan2020towards,article,journal_article,scholarly,True,False,True,@article,Towards standardising market-independent indicators for quantifying energy flexibility in buildings,"Kathirgamanathan, Anjukan and Pean, Thibault and Zhang, Kun and De Rosa, Mattia and Salom, Jaume and Kummert, Michael and Finn, Donal P",2020,Energy and Buildings,Elsevier,,,not_checked,,,,10.1016/j.enbuild.2020.110027,10.1016/j.enbuild.2020.110027,found_high_confidence,Crossref search,1.0,1.0,0,True,1.0,journal-article,True,https://linkinghub.elsevier.com/retrieve/pii/S0378778820301456,resolved,
296:tang2021energy,tang2021energy,article,journal_article,scholarly,True,False,True,@article,Energy flexibility quantification of grid-responsive buildings: Energy flexibility index and assessment of their effectiveness for applications,"Tang, Hong and Wang, Shengwei",2021,Energy,Elsevier,,,not_checked,,,,10.1016/j.energy.2021.119756,10.1016/j.energy.2021.119756,found_high_confidence,Crossref search,1.0,1.0,0,True,1.0,journal-article,True,https://linkinghub.elsevier.com/retrieve/pii/S0360544221000050,resolved,
297:finck2018quantifying,finck2018quantifying,article,journal_article,scholarly,True,False,True,@article,Quantifying demand flexibility of power-to-heat and thermal energy storage in the control of building heating systems,"Finck, Christian and Li, Rongling and Kramer, Rick and Zeiler, Wim",2018,Applied Energy,Elsevier,,,not_checked,,,,10.1016/j.apenergy.2017.11.036,10.1016/j.apenergy.2017.11.036,found_high_confidence,Crossref search,1.0,1.0,0,True,1.0,journal-article,True,https://linkinghub.elsevier.com/retrieve/pii/S0306261917316112,resolved,
298:stinner2016quantifying,stinner2016quantifying,article,journal_article,scholarly,True,False,True,@article,Quantifying the operational flexibility of building energy systems with thermal energy storages,"Stinner, Sebastian and Huchtemann, Kristian and Muller, Dirk",2016,Applied Energy,Elsevier,,,not_checked,,,,10.1016/j.apenergy.2016.08.055,10.1016/j.apenergy.2016.08.055,found_high_confidence,Crossref search,1.0,1.0,0,True,1.0,journal-article,True,https://linkinghub.elsevier.com/retrieve/pii/S0306261916311424,resolved,
299:foteinaki2018heating,foteinaki2018heating,article,journal_article,scholarly,True,False,True,@article,Heating system energy flexibility of low-energy residential buildings,"Foteinaki, Kyriaki and Li, Rongling and Heller, Alfred and Rode, Carsten",2018,Energy and Buildings,Elsevier,,,not_checked,,,,10.1016/j.enbuild.2018.09.030,10.1016/j.enbuild.2018.09.030,found_high_confidence,Crossref search,1.0,1.0,0,True,1.0,journal-article,True,https://linkinghub.elsevier.com/retrieve/pii/S0378778818314555,resolved,
300:mugnini2023quantification,mugnini2023quantification,article,journal_article,scholarly,True,False,True,@article,Quantification of the energy flexibility of residential building clusters: Impact of long-term refurbishment strategies of the italian building stock,"Mugnini, Alice and Polonara, Fabio and Arteconi, Alessia",2023,Energy and Buildings,Elsevier,,,not_checked,,,,10.1016/j.enbuild.2023.113416,10.1016/j.enbuild.2023.113416,found_high_confidence,Crossref search,1.0,1.0,0,True,1.0,journal-article,True,https://linkinghub.elsevier.com/retrieve/pii/S0378778823006461,resolved,
301:junker2018characterizing,junker2018characterizing,article,journal_article,scholarly,True,False,True,@article,Characterizing the energy flexibility of buildings and districts,"Junker, Rune Gr nborg and Azar, Armin Ghasem and Lopes, Rui Amaral and Lindberg, Karen Byskov and Reynders, Glenn and Relan, Rishi and Madsen, Henrik",2018,Applied energy,Elsevier,,,not_checked,,,,10.1016/j.apenergy.2018.05.037,10.1016/j.apenergy.2018.05.037,found_high_confidence,Crossref search,1.0,1.0,0,True,1.0,journal-article,True,https://linkinghub.elsevier.com/retrieve/pii/S030626191830730X,resolved,
302:arteconi2019energy,arteconi2019energy,article,journal_article,scholarly,True,False,True,@article,Energy flexible buildings: A methodology for rating the flexibility performance of buildings with electric heating and cooling systems,"Arteconi, Alessia and Mugnini, Alice and Polonara, Fabio",2019,Applied Energy,Elsevier,,,not_checked,,,,10.1016/j.apenergy.2019.113387,10.1016/j.apenergy.2019.113387,found_high_confidence,Crossref search,1.0,1.0,0,True,1.0,journal-article,True,https://linkinghub.elsevier.com/retrieve/pii/S030626191931061X,resolved,
303:le2016energy,le2016energy,article,journal_article,scholarly,True,False,True,@article,Energy flexibility of residential buildings using short term heat storage in the thermal mass,"Le Dreau, Jerome and Heiselberg, Per",2016,Energy,Elsevier,,,not_checked,,,,10.1016/j.energy.2016.05.076,10.1016/j.energy.2016.05.076,found_high_confidence,Crossref search,1.0,1.0,0,True,1.0,journal-article,True,https://linkinghub.elsevier.com/retrieve/pii/S0360544216306934,resolved,
304:chen2019quantification,chen2019quantification,article,journal_article,scholarly,True,False,True,@article,Quantification of electricity flexibility in demand response: Office building case study,"Chen, Yongbao and Chen, Zhe and Xu, Peng and Li, Weilin and Sha, Huajing and Yang, Zhiwei and Li, Guowen and Hu, Chonghe",2019,Energy,Elsevier,,,not_checked,,,,10.1016/j.energy.2019.116054,10.1016/j.energy.2019.116054,found_high_confidence,Crossref search,1.0,1.0,0,True,1.0,journal-article,True,https://linkinghub.elsevier.com/retrieve/pii/S0360544219317499,resolved,
305:fabietti2016experimental,fabietti2016experimental,article,journal_article,scholarly,True,False,True,@article,Experimental implementation of frequency regulation services using commercial buildings,"Fabietti, Luca and Gorecki, Tomasz T and Qureshi, Faran A and Bitlislioglu, Altug and Lymperopoulos, Ioannis and Jones, Colin N",2016,IEEE Transactions on Smart Grid,IEEE,,,not_checked,,,,10.1109/tsg.2016.2597002,,candidate_manual_review,Crossref search,0.92,1.0,2,True,1.0,journal-article,True,,,
306:pean2019experimental,pean2019experimental,article,journal_article,scholarly,True,False,True,@article,Experimental testing of variable speed heat pump control strategies for enhancing energy flexibility in buildings,"Pean, Thibault and Costa-Castello, Ramon and Fuentes, Elena and Salom, Jaume",2019,IEEE access,IEEE,,,not_checked,,,,10.1109/access.2019.2903084,10.1109/access.2019.2903084,found_high_confidence,Crossref search,1.0,1.0,0,True,1.0,journal-article,True,https://ieeexplore.ieee.org/document/8674547/,resolved,
307:vrettos2016robust,vrettos2016robust,article,journal_article,scholarly,True,False,True,@article,Robust energy-constrained frequency reserves from aggregations of commercial buildings,"Vrettos, Evangelos and Oldewurtel, Frauke and Andersson, Goran",2016,IEEE Transactions on Power Systems,IEEE,,,not_checked,,,,10.1109/tpwrs.2015.2511541,10.1109/tpwrs.2015.2511541,found_high_confidence,Crossref search,1.0,1.0,0,True,1.0,journal-article,True,https://ieeexplore.ieee.org/document/7384733/,resolved,
308:martinez2022demand,martinez2022demand,article,journal_article,scholarly,True,False,True,@article,Demand-side flexibility in a residential district: What are the main sources of uncertainty?,"Martinez, Simon and Vellei, M and Le Dreau, Jerome",2022,Energy and Buildings,Elsevier,,,not_checked,,,,10.1016/j.enbuild.2021.111595,10.1016/j.enbuild.2021.111595,found_high_confidence,Crossref search,1.0,1.0,0,True,1.0,journal-article,True,https://linkinghub.elsevier.com/retrieve/pii/S0378778821008793,resolved,
309:awan2023framework,awan2023framework,article,journal_article,scholarly,True,False,True,@article,A framework to formulate and aggregate performance indicators to quantify building energy flexibility,"Awan, Muhammad Bilal and Sun, Yongjun and Lin, Wenye and Ma, Zhenjun",2023,Applied Energy,Elsevier,,,not_checked,,,,10.1016/j.apenergy.2023.121590,10.1016/j.apenergy.2023.121590,found_high_confidence,Crossref search,1.0,1.0,0,True,1.0,journal-article,True,https://linkinghub.elsevier.com/retrieve/pii/S0306261923009546,resolved,
